CaI	IP3	CaS	g	k1	k2	Robustness
0.1	0.05	1100.0	0.0	0.1	0.1	-121.045746
0.1	0.05	1100.0	0.0	0.1	0.2	-121.61229
0.1	0.05	1100.0	0.0	0.125	0.15	-113.448654
0.1	0.05	1100.0	0.0	0.15	0.15	-106.18373
0.1	0.05	1100.0	0.0	0.1625	0.1484375	-102.73737
0.1	0.05	1100.0	0.0	0.1625	0.15	-102.7481
0.1	0.05	1100.0	0.0	0.1625	0.1515625	-102.75898
0.1	0.05	1100.0	0.0	0.175	0.15	-99.43565
0.1	0.05	1100.0	0.0	0.19999999	0.15	-93.15619
0.1	0.05	1100.0	0.0	0.25	0.15	-81.84622
0.1	0.05	1100.0	0.0	0.2625	0.1484375	-79.23929
0.1	0.05	1100.0	0.0	0.2625	0.15	-79.25351
0.1	0.05	1100.0	0.0	0.2625	0.1515625	-79.26815
0.1	0.05	1100.0	0.0	0.27499998	0.15	-76.748024
0.1	0.05	1100.0	0.0	0.29999998	0.15	-71.983116
0.1	0.05	1100.0	0.0	0.325	0.125	-67.269585
0.1	0.05	1100.0	0.0	0.325	0.15	-67.52725
0.1	0.05	1100.0	0.0	0.33749998	0.1234375	-65.114334
0.1	0.05	1100.0	0.0	0.33749998	0.125	-65.129715
0.1	0.05	1100.0	0.0	0.33749998	0.1265625	-65.14464
0.1	0.05	1100.0	0.0	0.33749998	0.1484375	-65.383804
0.1	0.05	1100.0	0.0	0.33749998	0.15	-65.401436
0.1	0.05	1100.0	0.0	0.33749998	0.1515625	-65.419365
0.1	0.05	1100.0	0.0	0.35	0.118750006	-62.857056
0.1	0.05	1100.0	0.0	0.35	0.125	-62.95514
0.1	0.05	1100.0	0.0	0.35	0.13125	-63.04577
0.1	0.05	1100.0	0.0	0.35	0.14375	-63.21945
0.1	0.05	1100.0	0.0	0.35	0.15	-63.30153
0.1	0.05	1100.0	0.0	0.35	0.15625	-63.38793
0.1	0.05	1100.0	0.0	0.35	0.16875	-63.564766
0.1	0.05	1100.0	0.0	0.35	0.17500001	-63.653305
0.1	0.05	1100.0	0.0	0.35	0.18125	-63.742104
0.1	0.05	1100.0	0.0	0.36249998	0.1171875	-0.13521722
0.1	0.05	1100.0	0.0	0.36249998	0.118750006	-0.14471975
0.1	0.05	1100.0	0.0	0.36249998	0.120312504	-0.13927421
0.1	0.05	1100.0	0.0	0.36249998	0.1234375	-0.1529384
0.1	0.05	1100.0	0.0	0.36249998	0.125	-0.16291079
0.1	0.05	1100.0	0.0	0.36249998	0.1265625	-0.16750613
0.1	0.05	1100.0	0.0	0.36249998	0.1296875	-0.17384443
0.1	0.05	1100.0	0.0	0.36249998	0.13125	-0.18440965
0.1	0.05	1100.0	0.0	0.36249998	0.1328125	-0.19053593
0.1	0.05	1100.0	0.0	0.36249998	0.1421875	-0.23437253
0.1	0.05	1100.0	0.0	0.36249998	0.14375	-0.23984942
0.1	0.05	1100.0	0.0	0.36249998	0.1453125	-6.3008976
0.1	0.05	1100.0	0.0	0.36249998	0.1484375	-51.988644
0.1	0.05	1100.0	0.0	0.36249998	0.15	-54.339424
0.1	0.05	1100.0	0.0	0.36249998	0.1515625	-57.360588
0.1	0.05	1100.0	0.0	0.36249998	0.1546875	-58.428963
0.1	0.05	1100.0	0.0	0.36249998	0.15625	-59.063263
0.1	0.05	1100.0	0.0	0.36249998	0.1578125	-60.378227
0.1	0.05	1100.0	0.0	0.36249998	0.16718751	-60.97531
0.1	0.05	1100.0	0.0	0.36249998	0.16875	-61.057976
0.1	0.05	1100.0	0.0	0.36249998	0.1703125	-61.095947
0.1	0.05	1100.0	0.0	0.36249998	0.1734375	-61.21727
0.1	0.05	1100.0	0.0	0.36249998	0.17500001	-61.26947
0.1	0.05	1100.0	0.0	0.36249998	0.1765625	-61.305733
0.1	0.05	1100.0	0.0	0.36249998	0.1796875	-61.397987
0.1	0.05	1100.0	0.0	0.36249998	0.18125	-61.445915
0.1	0.05	1100.0	0.0	0.36249998	0.18281251	-61.496193
0.1	0.05	1100.0	0.0	0.37499997	0.115625	-0.09137878
0.1	0.05	1100.0	0.0	0.37499997	0.1171875	-0.102540106
0.1	0.05	1100.0	0.0	0.37499997	0.118750006	-0.107441634
0.1	0.05	1100.0	0.0	0.37499997	0.120312504	-0.115891784
0.1	0.05	1100.0	0.0	0.37499997	0.121875	-0.12468657
0.1	0.05	1100.0	0.0	0.37499997	0.1234375	-0.119027466
0.1	0.05	1100.0	0.0	0.37499997	0.125	-0.13347521
0.1	0.05	1100.0	0.0	0.37499997	0.1265625	-0.13230792
0.1	0.05	1100.0	0.0	0.37499997	0.128125	-0.14278021
0.1	0.05	1100.0	0.0	0.37499997	0.1296875	-0.15192756
0.1	0.05	1100.0	0.0	0.37499997	0.13125	-0.15255567
0.1	0.05	1100.0	0.0	0.37499997	0.1328125	-0.1524218
0.1	0.05	1100.0	0.0	0.37499997	0.134375	-0.16295221
0.1	0.05	1100.0	0.0	0.37499997	0.140625	-0.1868656
0.1	0.05	1100.0	0.0	0.37499997	0.1421875	-0.1765295
0.1	0.05	1100.0	0.0	0.37499997	0.14375	-0.18383476
0.1	0.05	1100.0	0.0	0.37499997	0.1453125	-0.19130734
0.1	0.05	1100.0	0.0	0.37499997	0.146875	-0.19310233
0.1	0.05	1100.0	0.0	0.37499997	0.1484375	-0.20490602
0.1	0.05	1100.0	0.0	0.37499997	0.15	-0.21453914
0.1	0.05	1100.0	0.0	0.37499997	0.1515625	-0.20876434
0.1	0.05	1100.0	0.0	0.37499997	0.153125	-0.21042475
0.1	0.05	1100.0	0.0	0.37499997	0.1546875	-0.21834841
0.1	0.05	1100.0	0.0	0.37499997	0.15625	-0.22470722
0.1	0.05	1100.0	0.0	0.37499997	0.1578125	-0.23392394
0.1	0.05	1100.0	0.0	0.37499997	0.159375	-0.23535451
0.1	0.05	1100.0	0.0	0.37499997	0.165625	-0.2664568
0.1	0.05	1100.0	0.0	0.37499997	0.16718751	-0.2701029
0.1	0.05	1100.0	0.0	0.37499997	0.16875	-0.29166105
0.1	0.05	1100.0	0.0	0.37499997	0.1703125	-0.28974947
0.1	0.05	1100.0	0.0	0.37499997	0.171875	-0.327687
0.1	0.05	1100.0	0.0	0.37499997	0.1734375	-5.588932
0.1	0.05	1100.0	0.0	0.37499997	0.17500001	-24.660854
0.1	0.05	1100.0	0.0	0.37499997	0.1765625	-35.721737
0.1	0.05	1100.0	0.0	0.37499997	0.178125	-41.680424
0.1	0.05	1100.0	0.0	0.37499997	0.1796875	-46.236458
0.1	0.05	1100.0	0.0	0.37499997	0.18125	-48.35183
0.1	0.05	1100.0	0.0	0.37499997	0.18281251	-53.507843
0.1	0.05	1100.0	0.0	0.37499997	0.184375	-54.21871
0.1	0.05	1100.0	0.0	0.3875	0.1140625	-0.05492145
0.1	0.05	1100.0	0.0	0.3875	0.115625	-0.06486791
0.1	0.05	1100.0	0.0	0.3875	0.1171875	-0.06855765
0.1	0.05	1100.0	0.0	0.3875	0.118750006	-0.07584047
0.1	0.05	1100.0	0.0	0.3875	0.120312504	-0.08511025
0.1	0.05	1100.0	0.0	0.3875	0.121875	-0.09128815
0.1	0.05	1100.0	0.0	0.3875	0.1234375	-0.09271553
0.1	0.05	1100.0	0.0	0.3875	0.125	-0.087893546
0.1	0.05	1100.0	0.0	0.3875	0.1265625	-0.10088983
0.1	0.05	1100.0	0.0	0.3875	0.128125	-0.11516687
0.1	0.05	1100.0	0.0	0.3875	0.1296875	-0.11463156
0.1	0.05	1100.0	0.0	0.3875	0.13125	-0.124124914
0.1	0.05	1100.0	0.0	0.3875	0.1328125	-0.13366923
0.1	0.05	1100.0	0.0	0.3875	0.134375	-0.13356552
0.1	0.05	1100.0	0.0	0.3875	0.1359375	-0.13361475
0.1	0.05	1100.0	0.0	0.3875	0.1390625	-0.15435126
0.1	0.05	1100.0	0.0	0.3875	0.140625	-0.15377226
0.1	0.05	1100.0	0.0	0.3875	0.1421875	-0.15588257
0.1	0.05	1100.0	0.0	0.3875	0.14375	-0.16690186
0.1	0.05	1100.0	0.0	0.3875	0.1453125	-0.15814188
0.1	0.05	1100.0	0.0	0.3875	0.146875	-0.16948196
0.1	0.05	1100.0	0.0	0.3875	0.1484375	-0.1707916
0.1	0.05	1100.0	0.0	0.3875	0.15	-0.17269102
0.1	0.05	1100.0	0.0	0.3875	0.1515625	-0.18447807
0.1	0.05	1100.0	0.0	0.3875	0.153125	-0.19416532
0.1	0.05	1100.0	0.0	0.3875	0.1546875	-0.18851027
0.1	0.05	1100.0	0.0	0.3875	0.15625	-0.19072518
0.1	0.05	1100.0	0.0	0.3875	0.1578125	-0.19921264
0.1	0.05	1100.0	0.0	0.3875	0.159375	-0.20539036
0.1	0.05	1100.0	0.0	0.3875	0.1609375	-0.21663144
0.1	0.05	1100.0	0.0	0.3875	0.1640625	-0.21452793
0.1	0.05	1100.0	0.0	0.3875	0.165625	-0.22358623
0.1	0.05	1100.0	0.0	0.3875	0.16718751	-0.22856334
0.1	0.05	1100.0	0.0	0.3875	0.16875	-0.24134746
0.1	0.05	1100.0	0.0	0.3875	0.1703125	-0.23106107
0.1	0.05	1100.0	0.0	0.3875	0.171875	-0.24020055
0.1	0.05	1100.0	0.0	0.3875	0.1734375	-0.2397925
0.1	0.05	1100.0	0.0	0.3875	0.17500001	-0.24672905
0.1	0.05	1100.0	0.0	0.3875	0.1765625	-0.26525274
0.1	0.05	1100.0	0.0	0.3875	0.178125	-0.2559928
0.1	0.05	1100.0	0.0	0.3875	0.1796875	-0.26448187
0.1	0.05	1100.0	0.0	0.3875	0.18125	-0.27269015
0.1	0.05	1100.0	0.0	0.3875	0.18281251	-0.2804828
0.1	0.05	1100.0	0.0	0.3875	0.184375	-0.28779885
0.1	0.05	1100.0	0.0	0.3875	0.1859375	-0.29447058
0.1	0.05	1100.0	0.0	0.39999998	0.112500004	-0.00411582
0.1	0.05	1100.0	0.0	0.39999998	0.1140625	-0.010559857
0.1	0.05	1100.0	0.0	0.39999998	0.115625	-0.023115426
0.1	0.05	1100.0	0.0	0.39999998	0.1171875	-0.035860002
0.1	0.05	1100.0	0.0	0.39999998	0.118750006	-0.028841555
0.1	0.05	1100.0	0.0	0.39999998	0.120312504	-0.041904718
0.1	0.05	1100.0	0.0	0.39999998	0.121875	-0.055146694
0.1	0.05	1100.0	0.0	0.39999998	0.1234375	-0.048772484
0.1	0.05	1100.0	0.0	0.39999998	0.125	-0.062144935
0.1	0.05	1100.0	0.0	0.39999998	0.1265625	-0.075840235
0.1	0.05	1100.0	0.0	0.39999998	0.128125	-0.07234916
0.1	0.05	1100.0	0.0	0.39999998	0.1296875	-0.083699614
0.1	0.05	1100.0	0.0	0.39999998	0.13125	-0.09781358
0.1	0.05	1100.0	0.0	0.39999998	0.1328125	-0.098261595
0.1	0.05	1100.0	0.0	0.39999998	0.134375	-0.10738763
0.1	0.05	1100.0	0.0	0.39999998	0.1359375	-0.10099402
0.1	0.05	1100.0	0.0	0.39999998	0.1375	-0.11558649
0.1	0.05	1100.0	0.0	0.39999998	0.1390625	-0.11614981
0.1	0.05	1100.0	0.0	0.39999998	0.140625	-0.12615088
0.1	0.05	1100.0	0.0	0.39999998	0.1421875	-0.1363574
0.1	0.05	1100.0	0.0	0.39999998	0.14375	-0.13518885
0.1	0.05	1100.0	0.0	0.39999998	0.1453125	-0.13738337
0.1	0.05	1100.0	0.0	0.39999998	0.146875	-0.14816228
0.1	0.05	1100.0	0.0	0.39999998	0.1484375	-0.14098993
0.1	0.05	1100.0	0.0	0.39999998	0.15	-0.15640143
0.1	0.05	1100.0	0.0	0.39999998	0.1515625	-0.16156498
0.1	0.05	1100.0	0.0	0.39999998	0.153125	-0.17302427
0.1	0.05	1100.0	0.0	0.39999998	0.1546875	-0.16466722
0.1	0.05	1100.0	0.0	0.39999998	0.15625	-0.17642102
0.1	0.05	1100.0	0.0	0.39999998	0.1578125	-0.16837338
0.1	0.05	1100.0	0.0	0.39999998	0.159375	-0.18039712
0.1	0.05	1100.0	0.0	0.39999998	0.1609375	-0.1783469
0.1	0.05	1100.0	0.0	0.39999998	0.1625	-0.18490615
0.1	0.05	1100.0	0.0	0.39999998	0.1640625	-0.19559518
0.1	0.05	1100.0	0.0	0.39999998	0.165625	-0.18990049
0.1	0.05	1100.0	0.0	0.39999998	0.16718751	-0.19356993
0.1	0.05	1100.0	0.0	0.39999998	0.16875	-0.20275214
0.1	0.05	1100.0	0.0	0.39999998	0.1703125	-0.20814732
0.1	0.05	1100.0	0.0	0.39999998	0.171875	-0.22107449
0.1	0.05	1100.0	0.0	0.39999998	0.1734375	-0.2111251
0.1	0.05	1100.0	0.0	0.39999998	0.17500001	-0.22079298
0.1	0.05	1100.0	0.0	0.39999998	0.1765625	-0.22039184
0.1	0.05	1100.0	0.0	0.39999998	0.178125	-0.2272344
0.1	0.05	1100.0	0.0	0.39999998	0.1796875	-0.22690901
0.1	0.05	1100.0	0.0	0.39999998	0.18125	-0.24021456
0.1	0.05	1100.0	0.0	0.39999998	0.18281251	-0.24709222
0.1	0.05	1100.0	0.0	0.39999998	0.184375	-0.2403883
0.1	0.05	1100.0	0.0	0.39999998	0.1859375	-0.2504188
0.1	0.05	1100.0	0.0	0.39999998	0.1875	-0.26045033
0.1	0.05	1100.0	0.0	0.41249996	0.1109375	0.012168258
0.1	0.05	1100.0	0.0	0.41249996	0.112500004	0.008121073
0.1	0.05	1100.0	0.0	0.41249996	0.1140625	0.007565379
0.1	0.05	1100.0	0.0	0.41249996	0.115625	1.8516183E-4
0.1	0.05	1100.0	0.0	0.41249996	0.1171875	0.0028474927
0.1	0.05	1100.0	0.0	0.41249996	0.118750006	-0.0077283382
0.1	0.05	1100.0	0.0	0.41249996	0.120312504	-0.008088887
0.1	0.05	1100.0	0.0	0.41249996	0.121875	-0.014252037
0.1	0.05	1100.0	0.0	0.41249996	0.1234375	-0.026091188
0.1	0.05	1100.0	0.0	0.41249996	0.125	-0.039191604
0.1	0.05	1100.0	0.0	0.41249996	0.1265625	-0.034553587
0.1	0.05	1100.0	0.0	0.41249996	0.128125	-0.045896202
0.1	0.05	1100.0	0.0	0.41249996	0.1296875	-0.05944866
0.1	0.05	1100.0	0.0	0.41249996	0.13125	-0.05738008
0.1	0.05	1100.0	0.0	0.41249996	0.1328125	-0.067014694
0.1	0.05	1100.0	0.0	0.41249996	0.134375	-0.07390177
0.1	0.05	1100.0	0.0	0.41249996	0.1359375	-0.082533
0.1	0.05	1100.0	0.0	0.41249996	0.1375	-0.08933145
0.1	0.05	1100.0	0.0	0.41249996	0.1390625	-0.083722025
0.1	0.05	1100.0	0.0	0.41249996	0.140625	-0.09816843
0.1	0.05	1100.0	0.0	0.41249996	0.1421875	-0.099395245
0.1	0.05	1100.0	0.0	0.41249996	0.14375	-0.10913864
0.1	0.05	1100.0	0.0	0.41249996	0.1453125	-0.1190882
0.1	0.05	1100.0	0.0	0.41249996	0.146875	-0.11719629
0.1	0.05	1100.0	0.0	0.41249996	0.1484375	-0.11961952
0.1	0.05	1100.0	0.0	0.41249996	0.15	-0.13014582
0.1	0.05	1100.0	0.0	0.41249996	0.1515625	-0.14085785
0.1	0.05	1100.0	0.0	0.41249996	0.153125	-0.13785484
0.1	0.05	1100.0	0.0	0.41249996	0.1546875	-0.14283648
0.1	0.05	1100.0	0.0	0.41249996	0.15625	-0.15406302
0.1	0.05	1100.0	0.0	0.41249996	0.1578125	-0.14549348
0.1	0.05	1100.0	0.0	0.41249996	0.159375	-0.15996537
0.1	0.05	1100.0	0.0	0.41249996	0.1609375	-0.16871956
0.1	0.05	1100.0	0.0	0.41249996	0.1625	-0.171509
0.1	0.05	1100.0	0.0	0.41249996	0.1640625	-0.17257467
0.1	0.05	1100.0	0.0	0.41249996	0.165625	-0.16474631
0.1	0.05	1100.0	0.0	0.41249996	0.16718751	-0.1769748
0.1	0.05	1100.0	0.0	0.41249996	0.16875	-0.18321648
0.1	0.05	1100.0	0.0	0.41249996	0.1703125	-0.1818929
0.1	0.05	1100.0	0.0	0.41249996	0.171875	-0.18113914
0.1	0.05	1100.0	0.0	0.41249996	0.1734375	-0.18727621
0.1	0.05	1100.0	0.0	0.41249996	0.17500001	-0.19964823
0.1	0.05	1100.0	0.0	0.41249996	0.1765625	-0.20914254
0.1	0.05	1100.0	0.0	0.41249996	0.178125	-0.19882426
0.1	0.05	1100.0	0.0	0.41249996	0.1796875	-0.20858303
0.1	0.05	1100.0	0.0	0.41249996	0.18125	-0.21249953
0.1	0.05	1100.0	0.0	0.41249996	0.18281251	-0.22580698
0.1	0.05	1100.0	0.0	0.41249996	0.184375	-0.21864465
0.1	0.05	1100.0	0.0	0.41249996	0.1859375	-0.22886881
0.1	0.05	1100.0	0.0	0.41249996	0.1875	-0.22622219
0.1	0.05	1100.0	0.0	0.41249996	0.1890625	-0.22962084
0.1	0.05	1100.0	0.0	0.42499998	0.109375	0.021663949
0.1	0.05	1100.0	0.0	0.42499998	0.1109375	0.020324588
0.1	0.05	1100.0	0.0	0.42499998	0.112500004	0.017225862
0.1	0.05	1100.0	0.0	0.42499998	0.1140625	0.0138127655
0.1	0.05	1100.0	0.0	0.42499998	0.115625	0.011643991
0.1	0.05	1100.0	0.0	0.42499998	0.1171875	0.00960575
0.1	0.05	1100.0	0.0	0.42499998	0.118750006	0.0077181756
0.1	0.05	1100.0	0.0	0.42499998	0.120312504	0.004043609
0.1	0.05	1100.0	0.0	0.42499998	0.121875	0.0045068413
0.1	0.05	1100.0	0.0	0.42499998	0.1234375	-0.0026767552
0.1	0.05	1100.0	0.0	0.42499998	0.125	-8.702874E-4
0.1	0.05	1100.0	0.0	0.42499998	0.1265625	-0.010497808
0.1	0.05	1100.0	0.0	0.42499998	0.128125	-0.013670921
0.1	0.05	1100.0	0.0	0.42499998	0.1296875	-0.020503104
0.1	0.05	1100.0	0.0	0.42499998	0.13125	-0.029899776
0.1	0.05	1100.0	0.0	0.42499998	0.1328125	-0.034996122
0.1	0.05	1100.0	0.0	0.42499998	0.134375	-0.04264611
0.1	0.05	1100.0	0.0	0.42499998	0.1359375	-0.050608814
0.1	0.05	1100.0	0.0	0.42499998	0.1375	-0.05869639
0.1	0.05	1100.0	0.0	0.42499998	0.1390625	-0.05844
0.1	0.05	1100.0	0.0	0.42499998	0.140625	-0.072514
0.1	0.05	1100.0	0.0	0.42499998	0.1421875	-0.06676966
0.1	0.05	1100.0	0.0	0.42499998	0.14375	-0.08107939
0.1	0.05	1100.0	0.0	0.42499998	0.1453125	-0.08299133
0.1	0.05	1100.0	0.0	0.42499998	0.146875	-0.092496306
0.1	0.05	1100.0	0.0	0.42499998	0.1484375	-0.094296455
0.1	0.05	1100.0	0.0	0.42499998	0.15	-0.09956214
0.1	0.05	1100.0	0.0	0.42499998	0.1515625	-0.10225901
0.1	0.05	1100.0	0.0	0.42499998	0.153125	-0.11253944
0.1	0.05	1100.0	0.0	0.42499998	0.1546875	-0.12301633
0.1	0.05	1100.0	0.0	0.42499998	0.15625	-0.119680315
0.1	0.05	1100.0	0.0	0.42499998	0.1578125	-0.12453595
0.1	0.05	1100.0	0.0	0.42499998	0.159375	-0.13552222
0.1	0.05	1100.0	0.0	0.42499998	0.1609375	-0.12673965
0.1	0.05	1100.0	0.0	0.42499998	0.1625	-0.14127037
0.1	0.05	1100.0	0.0	0.42499998	0.1640625	-0.14951178
0.1	0.05	1100.0	0.0	0.42499998	0.165625	-0.15256879
0.1	0.05	1100.0	0.0	0.42499998	0.16718751	-0.15294507
0.1	0.05	1100.0	0.0	0.42499998	0.16875	-0.16484734
0.1	0.05	1100.0	0.0	0.42499998	0.1703125	-0.16011444
0.1	0.05	1100.0	0.0	0.42499998	0.171875	-0.17607895
0.1	0.05	1100.0	0.0	0.42499998	0.1734375	-0.1721504
0.1	0.05	1100.0	0.0	0.42499998	0.17500001	-0.17390624
0.1	0.05	1100.0	0.0	0.42499998	0.1765625	-0.18646374
0.1	0.05	1100.0	0.0	0.42499998	0.178125	-0.17917582
0.1	0.05	1100.0	0.0	0.42499998	0.1796875	-0.18690875
0.1	0.05	1100.0	0.0	0.42499998	0.18125	-0.1849049
0.1	0.05	1100.0	0.0	0.42499998	0.18281251	-0.18600067
0.1	0.05	1100.0	0.0	0.42499998	0.184375	-0.1910527
0.1	0.05	1100.0	0.0	0.42499998	0.1859375	-0.20423833
0.1	0.05	1100.0	0.0	0.42499998	0.1875	-0.19758603
0.1	0.05	1100.0	0.0	0.42499998	0.1890625	-0.20581958
0.1	0.05	1100.0	0.0	0.42499998	0.19062501	-0.2160857
0.1	0.05	1100.0	0.0	0.43749997	0.1078125	0.03110516
0.1	0.05	1100.0	0.0	0.43749997	0.109375	0.030283317
0.1	0.05	1100.0	0.0	0.43749997	0.1109375	0.026388451
0.1	0.05	1100.0	0.0	0.43749997	0.112500004	0.02642031
0.1	0.05	1100.0	0.0	0.43749997	0.1140625	0.023815483
0.1	0.05	1100.0	0.0	0.43749997	0.115625	0.021748379
0.1	0.05	1100.0	0.0	0.43749997	0.1171875	0.021005705
0.1	0.05	1100.0	0.0	0.43749997	0.118750006	0.016829088
0.1	0.05	1100.0	0.0	0.43749997	0.120312504	0.0176505
0.1	0.05	1100.0	0.0	0.43749997	0.121875	0.011699215
0.1	0.05	1100.0	0.0	0.43749997	0.1234375	0.008917749
0.1	0.05	1100.0	0.0	0.43749997	0.125	0.005839467
0.1	0.05	1100.0	0.0	0.43749997	0.1265625	0.0045633316
0.1	0.05	1100.0	0.0	0.43749997	0.128125	9.121895E-4
0.1	0.05	1100.0	0.0	0.43749997	0.1296875	0.002618
0.1	0.05	1100.0	0.0	0.43749997	0.13125	-0.004638776
0.1	0.05	1100.0	0.0	0.43749997	0.1328125	-0.0064176023
0.1	0.05	1100.0	0.0	0.43749997	0.134375	-0.014017999
0.1	0.05	1100.0	0.0	0.43749997	0.1359375	-0.020488054
0.1	0.05	1100.0	0.0	0.43749997	0.1375	-0.027921677
0.1	0.05	1100.0	0.0	0.43749997	0.1390625	-0.035607725
0.1	0.05	1100.0	0.0	0.43749997	0.140625	-0.028115183
0.1	0.05	1100.0	0.0	0.43749997	0.1421875	-0.041911453
0.1	0.05	1100.0	0.0	0.43749997	0.14375	-0.040184915
0.1	0.05	1100.0	0.0	0.43749997	0.1453125	-0.04998824
0.1	0.05	1100.0	0.0	0.43749997	0.146875	-0.06416586
0.1	0.05	1100.0	0.0	0.43749997	0.1484375	-0.06671679
0.1	0.05	1100.0	0.0	0.43749997	0.15	-0.07598731
0.1	0.05	1100.0	0.0	0.43749997	0.1515625	-0.06752595
0.1	0.05	1100.0	0.0	0.43749997	0.153125	-0.08212975
0.1	0.05	1100.0	0.0	0.43749997	0.1546875	-0.08507645
0.1	0.05	1100.0	0.0	0.43749997	0.15625	-0.095128864
0.1	0.05	1100.0	0.0	0.43749997	0.1578125	-0.106660634
0.1	0.05	1100.0	0.0	0.43749997	0.159375	-0.10173759
0.1	0.05	1100.0	0.0	0.43749997	0.1609375	-0.11684927
0.1	0.05	1100.0	0.0	0.43749997	0.1625	-0.117206305
0.1	0.05	1100.0	0.0	0.43749997	0.1640625	-0.12739816
0.1	0.05	1100.0	0.0	0.43749997	0.165625	-0.12282398
0.1	0.05	1100.0	0.0	0.43749997	0.16718751	-0.13053039
0.1	0.05	1100.0	0.0	0.43749997	0.16875	-0.14194122
0.1	0.05	1100.0	0.0	0.43749997	0.1703125	-0.13353685
0.1	0.05	1100.0	0.0	0.43749997	0.171875	-0.14523825
0.1	0.05	1100.0	0.0	0.43749997	0.1734375	-0.14107242
0.1	0.05	1100.0	0.0	0.43749997	0.17500001	-0.15690878
0.1	0.05	1100.0	0.0	0.43749997	0.1765625	-0.16119745
0.1	0.05	1100.0	0.0	0.43749997	0.178125	-0.16886088
0.1	0.05	1100.0	0.0	0.43749997	0.1796875	-0.16584662
0.1	0.05	1100.0	0.0	0.43749997	0.18125	-0.16112879
0.1	0.05	1100.0	0.0	0.43749997	0.18281251	-0.17730233
0.1	0.05	1100.0	0.0	0.43749997	0.184375	-0.17387167
0.1	0.05	1100.0	0.0	0.43749997	0.1859375	-0.17658618
0.1	0.05	1100.0	0.0	0.43749997	0.1875	-0.18953004
0.1	0.05	1100.0	0.0	0.43749997	0.1890625	-0.18261829
0.1	0.05	1100.0	0.0	0.43749997	0.19062501	-0.19228336
0.1	0.05	1100.0	0.0	0.43749997	0.1921875	-0.18905488
0.1	0.05	1100.0	0.0	0.44999996	0.10625	0.03790538
0.1	0.05	1100.0	0.0	0.44999996	0.1078125	0.037522614
0.1	0.05	1100.0	0.0	0.44999996	0.109375	0.033893973
0.1	0.05	1100.0	0.0	0.44999996	0.1109375	0.03364815
0.1	0.05	1100.0	0.0	0.44999996	0.112500004	0.02971822
0.1	0.05	1100.0	0.0	0.44999996	0.1140625	0.028814971
0.1	0.05	1100.0	0.0	0.44999996	0.115625	0.026815712
0.1	0.05	1100.0	0.0	0.44999996	0.1171875	0.024409592
0.1	0.05	1100.0	0.0	0.44999996	0.118750006	0.022306442
0.1	0.05	1100.0	0.0	0.44999996	0.120312504	0.020642102
0.1	0.05	1100.0	0.0	0.44999996	0.121875	0.019052044
0.1	0.05	1100.0	0.0	0.44999996	0.1234375	0.016827837
0.1	0.05	1100.0	0.0	0.44999996	0.125	0.016149193
0.1	0.05	1100.0	0.0	0.44999996	0.1265625	0.0123206675
0.1	0.05	1100.0	0.0	0.44999996	0.128125	0.013492495
0.1	0.05	1100.0	0.0	0.44999996	0.1296875	0.007730603
0.1	0.05	1100.0	0.0	0.44999996	0.13125	0.006340176
0.1	0.05	1100.0	0.0	0.44999996	0.1328125	0.0031046122
0.1	0.05	1100.0	0.0	0.44999996	0.134375	0.0024011135
0.1	0.05	1100.0	0.0	0.44999996	0.1359375	-0.0014999807
0.1	0.05	1100.0	0.0	0.44999996	0.1375	0.0011531711
0.1	0.05	1100.0	0.0	0.44999996	0.1390625	-0.006012276
0.1	0.05	1100.0	0.0	0.44999996	0.140625	-0.009166688
0.1	0.05	1100.0	0.0	0.44999996	0.1421875	-0.0181202
0.1	0.05	1100.0	0.0	0.44999996	0.14375	-0.011768371
0.1	0.05	1100.0	0.0	0.44999996	0.1453125	-0.025449187
0.1	0.05	1100.0	0.0	0.44999996	0.146875	-0.024507403
0.1	0.05	1100.0	0.0	0.44999996	0.1484375	-0.033275515
0.1	0.05	1100.0	0.0	0.44999996	0.15	-0.047326893
0.1	0.05	1100.0	0.0	0.44999996	0.1515625	-0.050403446
0.1	0.05	1100.0	0.0	0.44999996	0.153125	-0.05945927
0.1	0.05	1100.0	0.0	0.44999996	0.1546875	-0.050329834
0.1	0.05	1100.0	0.0	0.44999996	0.15625	-0.06480101
0.1	0.05	1100.0	0.0	0.44999996	0.1578125	-0.07939568
0.1	0.05	1100.0	0.0	0.44999996	0.159375	-0.077744424
0.1	0.05	1100.0	0.0	0.44999996	0.1609375	-0.08895904
0.1	0.05	1100.0	0.0	0.44999996	0.1625	-0.08392331
0.1	0.05	1100.0	0.0	0.44999996	0.1640625	-0.098896384
0.1	0.05	1100.0	0.0	0.44999996	0.165625	-0.09895897
0.1	0.05	1100.0	0.0	0.44999996	0.16718751	-0.10967663
0.1	0.05	1100.0	0.0	0.44999996	0.16875	-0.1045222
0.1	0.05	1100.0	0.0	0.44999996	0.1703125	-0.11984888
0.1	0.05	1100.0	0.0	0.44999996	0.171875	-0.122832686
0.1	0.05	1100.0	0.0	0.44999996	0.1734375	-0.13082102
0.1	0.05	1100.0	0.0	0.44999996	0.17500001	-0.12645623
0.1	0.05	1100.0	0.0	0.44999996	0.1765625	-0.13734397
0.1	0.05	1100.0	0.0	0.44999996	0.178125	-0.13789085
0.1	0.05	1100.0	0.0	0.44999996	0.1796875	-0.1410704
0.1	0.05	1100.0	0.0	0.44999996	0.18125	-0.15310296
0.1	0.05	1100.0	0.0	0.44999996	0.18281251	-0.14560452
0.1	0.05	1100.0	0.0	0.44999996	0.184375	-0.16161045
0.1	0.05	1100.0	0.0	0.44999996	0.1859375	-0.15773132
0.1	0.05	1100.0	0.0	0.44999996	0.1875	-0.16260728
0.1	0.05	1100.0	0.0	0.44999996	0.1890625	-0.17526361
0.1	0.05	1100.0	0.0	0.44999996	0.19062501	-0.16806796
0.1	0.05	1100.0	0.0	0.44999996	0.1921875	-0.18094447
0.1	0.05	1100.0	0.0	0.44999996	0.19375	-0.17397049
0.1	0.05	1100.0	0.0	0.46249998	0.104687504	0.043247238
0.1	0.05	1100.0	0.0	0.46249998	0.10625	0.040149152
0.1	0.05	1100.0	0.0	0.46249998	0.1078125	0.039659604
0.1	0.05	1100.0	0.0	0.46249998	0.109375	0.039243877
0.1	0.05	1100.0	0.0	0.46249998	0.1109375	0.03596674
0.1	0.05	1100.0	0.0	0.46249998	0.112500004	0.035664603
0.1	0.05	1100.0	0.0	0.46249998	0.1140625	0.033476293
0.1	0.05	1100.0	0.0	0.46249998	0.115625	0.031995505
0.1	0.05	1100.0	0.0	0.46249998	0.1171875	0.031914502
0.1	0.05	1100.0	0.0	0.46249998	0.118750006	0.028236374
0.1	0.05	1100.0	0.0	0.46249998	0.120312504	0.027445033
0.1	0.05	1100.0	0.0	0.46249998	0.121875	0.024392396
0.1	0.05	1100.0	0.0	0.46249998	0.1234375	0.024568245
0.1	0.05	1100.0	0.0	0.46249998	0.125	0.020467013
0.1	0.05	1100.0	0.0	0.46249998	0.1265625	0.020987585
0.1	0.05	1100.0	0.0	0.46249998	0.128125	0.016724437
0.1	0.05	1100.0	0.0	0.46249998	0.1296875	0.015644342
0.1	0.05	1100.0	0.0	0.46249998	0.13125	0.012997925
0.1	0.05	1100.0	0.0	0.46249998	0.1328125	0.012052059
0.1	0.05	1100.0	0.0	0.46249998	0.134375	0.0085733235
0.1	0.05	1100.0	0.0	0.46249998	0.1359375	0.009871632
0.1	0.05	1100.0	0.0	0.46249998	0.1375	0.0043678433
0.1	0.05	1100.0	0.0	0.46249998	0.1390625	0.002458036
0.1	0.05	1100.0	0.0	0.46249998	0.140625	4.1601062E-4
0.1	0.05	1100.0	0.0	0.46249998	0.1421875	9.380728E-4
0.1	0.05	1100.0	0.0	0.46249998	0.14375	-0.003402695
0.1	0.05	1100.0	0.0	0.46249998	0.1453125	-0.005233228
0.1	0.05	1100.0	0.0	0.46249998	0.146875	-0.008379668
0.1	0.05	1100.0	0.0	0.46249998	0.1484375	-0.008962274
0.1	0.05	1100.0	0.0	0.46249998	0.15	-0.010377765
0.1	0.05	1100.0	0.0	0.46249998	0.1515625	-0.016849548
0.1	0.05	1100.0	0.0	0.46249998	0.153125	-0.030491382
0.1	0.05	1100.0	0.0	0.46249998	0.1546875	-0.033933073
0.1	0.05	1100.0	0.0	0.46249998	0.15625	-0.042784184
0.1	0.05	1100.0	0.0	0.46249998	0.1578125	-0.05184999
0.1	0.05	1100.0	0.0	0.46249998	0.159375	-0.04749176
0.1	0.05	1100.0	0.0	0.46249998	0.1609375	-0.061965257
0.1	0.05	1100.0	0.0	0.46249998	0.1625	-0.060265243
0.1	0.05	1100.0	0.0	0.46249998	0.1640625	-0.07129899
0.1	0.05	1100.0	0.0	0.46249998	0.165625	-0.08008224
0.1	0.05	1100.0	0.0	0.46249998	0.16718751	-0.080996156
0.1	0.05	1100.0	0.0	0.46249998	0.16875	-0.08066547
0.1	0.05	1100.0	0.0	0.46249998	0.1703125	-0.0911659
0.1	0.05	1100.0	0.0	0.46249998	0.171875	-0.09801769
0.1	0.05	1100.0	0.0	0.46249998	0.1734375	-0.101481944
0.1	0.05	1100.0	0.0	0.46249998	0.17500001	-0.1037114
0.1	0.05	1100.0	0.0	0.46249998	0.1765625	-0.1148403
0.1	0.05	1100.0	0.0	0.46249998	0.178125	-0.10775313
0.1	0.05	1100.0	0.0	0.46249998	0.1796875	-0.12327823
0.1	0.05	1100.0	0.0	0.46249998	0.18125	-0.12917092
0.1	0.05	1100.0	0.0	0.46249998	0.18281251	-0.13463369
0.1	0.05	1100.0	0.0	0.46249998	0.184375	-0.13277462
0.1	0.05	1100.0	0.0	0.46249998	0.1859375	-0.1447443
0.1	0.05	1100.0	0.0	0.46249998	0.1875	-0.14222702
0.1	0.05	1100.0	0.0	0.46249998	0.1890625	-0.14911184
0.1	0.05	1100.0	0.0	0.46249998	0.19062501	-0.15426818
0.1	0.05	1100.0	0.0	0.46249998	0.1921875	-0.15397444
0.1	0.05	1100.0	0.0	0.46249998	0.19375	-0.14663598
0.1	0.05	1100.0	0.0	0.46249998	0.1953125	-0.16282657
0.1	0.05	1100.0	0.0	0.47499996	0.103125	0.045623884
0.1	0.05	1100.0	0.0	0.47499996	0.104687504	0.044976115
0.1	0.05	1100.0	0.0	0.47499996	0.10625	0.044389427
0.1	0.05	1100.0	0.0	0.47499996	0.1078125	0.04150729
0.1	0.05	1100.0	0.0	0.47499996	0.109375	0.040999696
0.1	0.05	1100.0	0.0	0.47499996	0.1109375	0.040558577
0.1	0.05	1100.0	0.0	0.47499996	0.112500004	0.037535906
0.1	0.05	1100.0	0.0	0.47499996	0.1140625	0.03719306
0.1	0.05	1100.0	0.0	0.47499996	0.115625	0.03692314
0.1	0.05	1100.0	0.0	0.47499996	0.1171875	0.03376633
0.1	0.05	1100.0	0.0	0.47499996	0.118750006	0.033615336
0.1	0.05	1100.0	0.0	0.47499996	0.120312504	0.030278772
0.1	0.05	1100.0	0.0	0.47499996	0.121875	0.030265644
0.1	0.05	1100.0	0.0	0.47499996	0.1234375	0.027321279
0.1	0.05	1100.0	0.0	0.47499996	0.125	0.026882097
0.1	0.05	1100.0	0.0	0.47499996	0.1265625	0.02489093
0.1	0.05	1100.0	0.0	0.47499996	0.128125	0.021997169
0.1	0.05	1100.0	0.0	0.47499996	0.1296875	0.020745367
0.1	0.05	1100.0	0.0	0.47499996	0.13125	0.019570991
0.1	0.05	1100.0	0.0	0.47499996	0.1328125	0.018478855
0.1	0.05	1100.0	0.0	0.47499996	0.134375	0.016642302
0.1	0.05	1100.0	0.0	0.47499996	0.1359375	0.016353458
0.1	0.05	1100.0	0.0	0.47499996	0.1375	0.013260886
0.1	0.05	1100.0	0.0	0.47499996	0.1390625	0.009331614
0.1	0.05	1100.0	0.0	0.47499996	0.140625	0.008631527
0.1	0.05	1100.0	0.0	0.47499996	0.1421875	0.0066378713
0.1	0.05	1100.0	0.0	0.47499996	0.14375	0.00671041
0.1	0.05	1100.0	0.0	0.47499996	0.1453125	0.0015030056
0.1	0.05	1100.0	0.0	0.47499996	0.146875	-1.0095537E-4
0.1	0.05	1100.0	0.0	0.47499996	0.1484375	-0.001824066
0.1	0.05	1100.0	0.0	0.47499996	0.15	-6.471574E-5
0.1	0.05	1100.0	0.0	0.47499996	0.1515625	-0.004953176
0.1	0.05	1100.0	0.0	0.47499996	0.153125	-0.0081432015
0.1	0.05	1100.0	0.0	0.47499996	0.1546875	-0.007834569
0.1	0.05	1100.0	0.0	0.47499996	0.15625	-0.013587058
0.1	0.05	1100.0	0.0	0.47499996	0.1578125	-0.017201304
0.1	0.05	1100.0	0.0	0.47499996	0.159375	-0.025864959
0.1	0.05	1100.0	0.0	0.47499996	0.1609375	-0.035802722
0.1	0.05	1100.0	0.0	0.47499996	0.1625	-0.03014952
0.1	0.05	1100.0	0.0	0.47499996	0.1640625	-0.04450199
0.1	0.05	1100.0	0.0	0.47499996	0.165625	-0.042581856
0.1	0.05	1100.0	0.0	0.47499996	0.16718751	-0.05360371
0.1	0.05	1100.0	0.0	0.47499996	0.16875	-0.062000245
0.1	0.05	1100.0	0.0	0.47499996	0.1703125	-0.06308487
0.1	0.05	1100.0	0.0	0.47499996	0.171875	-0.062205464
0.1	0.05	1100.0	0.0	0.47499996	0.1734375	-0.072927624
0.1	0.05	1100.0	0.0	0.47499996	0.17500001	-0.08297464
0.1	0.05	1100.0	0.0	0.47499996	0.1765625	-0.083114505
0.1	0.05	1100.0	0.0	0.47499996	0.178125	-0.08446115
0.1	0.05	1100.0	0.0	0.47499996	0.1796875	-0.09539023
0.1	0.05	1100.0	0.0	0.47499996	0.18125	-0.10647282
0.1	0.05	1100.0	0.0	0.47499996	0.18281251	-0.10446319
0.1	0.05	1100.0	0.0	0.47499996	0.184375	-0.10914096
0.1	0.05	1100.0	0.0	0.47499996	0.1859375	-0.12064573
0.1	0.05	1100.0	0.0	0.47499996	0.1875	-0.11235556
0.1	0.05	1100.0	0.0	0.47499996	0.1890625	-0.12702164
0.1	0.05	1100.0	0.0	0.47499996	0.19062501	-0.12286863
0.1	0.05	1100.0	0.0	0.47499996	0.1921875	-0.13871643
0.1	0.05	1100.0	0.0	0.47499996	0.19375	-0.1402686
0.1	0.05	1100.0	0.0	0.47499996	0.1953125	-0.132619
0.1	0.05	1100.0	0.0	0.47499996	0.196875	-0.1467751
0.1	0.05	1100.0	0.0	0.48749998	0.1015625	-34.87645
0.1	0.05	1100.0	0.0	0.48749998	0.103125	-0.37035525
0.1	0.05	1100.0	0.0	0.48749998	0.104687504	0.046526507
0.1	0.05	1100.0	0.0	0.48749998	0.10625	0.04587385
0.1	0.05	1100.0	0.0	0.48749998	0.1078125	0.045277268
0.1	0.05	1100.0	0.0	0.48749998	0.109375	0.04255724
0.1	0.05	1100.0	0.0	0.48749998	0.1109375	0.042033434
0.1	0.05	1100.0	0.0	0.48749998	0.112500004	0.041570902
0.1	0.05	1100.0	0.0	0.48749998	0.1140625	0.038738206
0.1	0.05	1100.0	0.0	0.48749998	0.115625	0.038363054
0.1	0.05	1100.0	0.0	0.48749998	0.1171875	0.038054302
0.1	0.05	1100.0	0.0	0.48749998	0.118750006	0.035113692
0.1	0.05	1100.0	0.0	0.48749998	0.120312504	0.034909874
0.1	0.05	1100.0	0.0	0.48749998	0.121875	0.03258711
0.1	0.05	1100.0	0.0	0.48749998	0.1234375	0.031738102
0.1	0.05	1100.0	0.0	0.48749998	0.125	0.03172493
0.1	0.05	1100.0	0.0	0.48749998	0.1265625	0.02854684
0.1	0.05	1100.0	0.0	0.48749998	0.128125	0.028673083
0.1	0.05	1100.0	0.0	0.48749998	0.1296875	0.025343224
0.1	0.05	1100.0	0.0	0.48749998	0.13125	0.025624335
0.1	0.05	1100.0	0.0	0.48749998	0.1328125	0.022138238
0.1	0.05	1100.0	0.0	0.48749998	0.134375	0.02236323
0.1	0.05	1100.0	0.0	0.48749998	0.1359375	0.018947199
0.1	0.05	1100.0	0.0	0.48749998	0.1375	0.019598603
0.1	0.05	1100.0	0.0	0.48749998	0.1390625	0.015076354
0.1	0.05	1100.0	0.0	0.48749998	0.140625	0.014247403
0.1	0.05	1100.0	0.0	0.48749998	0.1421875	0.012675345
0.1	0.05	1100.0	0.0	0.48749998	0.14375	0.012876958
0.1	0.05	1100.0	0.0	0.48749998	0.1453125	0.009644955
0.1	0.05	1100.0	0.0	0.48749998	0.146875	0.006641209
0.1	0.05	1100.0	0.0	0.48749998	0.1484375	0.0057779998
0.1	0.05	1100.0	0.0	0.48749998	0.15	0.0041662753
0.1	0.05	1100.0	0.0	0.48749998	0.1515625	0.0039263666
0.1	0.05	1100.0	0.0	0.48749998	0.153125	-9.77099E-4
0.1	0.05	1100.0	0.0	0.48749998	0.1546875	-0.0014224201
0.1	0.05	1100.0	0.0	0.48749998	0.15625	-0.0037383288
0.1	0.05	1100.0	0.0	0.48749998	0.1578125	-0.0036693215
0.1	0.05	1100.0	0.0	0.48749998	0.159375	-0.00834848
0.1	0.05	1100.0	0.0	0.48749998	0.1609375	-0.010394633
0.1	0.05	1100.0	0.0	0.48749998	0.1625	-0.008616358
0.1	0.05	1100.0	0.0	0.48749998	0.1640625	-0.018459707
0.1	0.05	1100.0	0.0	0.48749998	0.165625	-0.026182145
0.1	0.05	1100.0	0.0	0.48749998	0.16718751	-0.02694261
0.1	0.05	1100.0	0.0	0.48749998	0.16875	-0.024616122
0.1	0.05	1100.0	0.0	0.48749998	0.1703125	-0.035826117
0.1	0.05	1100.0	0.0	0.48749998	0.171875	-0.050365657
0.1	0.05	1100.0	0.0	0.48749998	0.1734375	-0.053438634
0.1	0.05	1100.0	0.0	0.48749998	0.17500001	-0.059811354
0.1	0.05	1100.0	0.0	0.48749998	0.1765625	-0.054718196
0.1	0.05	1100.0	0.0	0.48749998	0.178125	-0.069612175
0.1	0.05	1100.0	0.0	0.48749998	0.1796875	-0.07431364
0.1	0.05	1100.0	0.0	0.48749998	0.18125	-0.079757094
0.1	0.05	1100.0	0.0	0.48749998	0.18281251	-0.07573843
0.1	0.05	1100.0	0.0	0.48749998	0.184375	-0.09021509
0.1	0.05	1100.0	0.0	0.48749998	0.1859375	-0.097661644
0.1	0.05	1100.0	0.0	0.48749998	0.1875	-0.10098657
0.1	0.05	1100.0	0.0	0.48749998	0.1890625	-0.1002287
0.1	0.05	1100.0	0.0	0.48749998	0.19062501	-0.11205509
0.1	0.05	1100.0	0.0	0.48749998	0.1921875	-0.10773501
0.1	0.05	1100.0	0.0	0.48749998	0.19375	-0.115050405
0.1	0.05	1100.0	0.0	0.48749998	0.1953125	-0.122838974
0.1	0.05	1100.0	0.0	0.48749998	0.196875	-0.11892876
0.1	0.05	1100.0	0.0	0.48749998	0.19843751	-0.13101551
0.1	0.05	1100.0	0.0	0.49999997	0.1	-65.95749
0.1	0.05	1100.0	0.0	0.49999997	0.1015625	-68.81171
0.1	0.05	1100.0	0.0	0.49999997	0.103125	-48.967594
0.1	0.05	1100.0	0.0	0.49999997	0.104687504	-53.681736
0.1	0.05	1100.0	0.0	0.49999997	0.10625	-29.583153
0.1	0.05	1100.0	0.0	0.49999997	0.1078125	-30.954979
0.1	0.05	1100.0	0.0	0.49999997	0.109375	-0.3736921
0.1	0.05	1100.0	0.0	0.49999997	0.1109375	0.03880793
0.1	0.05	1100.0	0.0	0.49999997	0.112500004	0.04283431
0.1	0.05	1100.0	0.0	0.49999997	0.1140625	0.04235196
0.1	0.05	1100.0	0.0	0.49999997	0.115625	0.040768623
0.1	0.05	1100.0	0.0	0.49999997	0.1171875	0.039260358
0.1	0.05	1100.0	0.0	0.49999997	0.118750006	0.03891951
0.1	0.05	1100.0	0.0	0.49999997	0.120312504	0.036143437
0.1	0.05	1100.0	0.0	0.49999997	0.121875	0.035894886
0.1	0.05	1100.0	0.0	0.49999997	0.1234375	0.035712034
0.1	0.05	1100.0	0.0	0.49999997	0.125	0.032856524
0.1	0.05	1100.0	0.0	0.49999997	0.1265625	0.03278108
0.1	0.05	1100.0	0.0	0.49999997	0.128125	0.02980864
0.1	0.05	1100.0	0.0	0.49999997	0.1296875	0.02985406
0.1	0.05	1100.0	0.0	0.49999997	0.13125	0.026781827
0.1	0.05	1100.0	0.0	0.49999997	0.1328125	0.026938185
0.1	0.05	1100.0	0.0	0.49999997	0.134375	0.025192916
0.1	0.05	1100.0	0.0	0.49999997	0.1359375	0.024040565
0.1	0.05	1100.0	0.0	0.49999997	0.1375	0.0228073
0.1	0.05	1100.0	0.0	0.49999997	0.1390625	0.021177411
0.1	0.05	1100.0	0.0	0.49999997	0.140625	0.019695222
0.1	0.05	1100.0	0.0	0.49999997	0.1421875	0.017847657
0.1	0.05	1100.0	0.0	0.49999997	0.14375	0.015885592
0.1	0.05	1100.0	0.0	0.49999997	0.1453125	0.015610307
0.1	0.05	1100.0	0.0	0.49999997	0.146875	0.011848435
0.1	0.05	1100.0	0.0	0.49999997	0.1484375	0.010488823
0.1	0.05	1100.0	0.0	0.49999997	0.15	0.009050697
0.1	0.05	1100.0	0.0	0.49999997	0.1515625	0.009646222
0.1	0.05	1100.0	0.0	0.49999997	0.153125	0.0063684583
0.1	0.05	1100.0	0.0	0.49999997	0.1546875	0.0034644008
0.1	0.05	1100.0	0.0	0.49999997	0.15625	0.003379792
0.1	0.05	1100.0	0.0	0.49999997	0.1578125	0.0012966692
0.1	0.05	1100.0	0.0	0.49999997	0.159375	0.0012446046
0.1	0.05	1100.0	0.0	0.49999997	0.1609375	-0.0031591654
0.1	0.05	1100.0	0.0	0.49999997	0.1625	-0.002457112
0.1	0.05	1100.0	0.0	0.49999997	0.1640625	-0.005428225
0.1	0.05	1100.0	0.0	0.49999997	0.165625	-0.00892517
0.1	0.05	1100.0	0.0	0.49999997	0.16718751	-0.008060947
0.1	0.05	1100.0	0.0	0.49999997	0.16875	-0.012693286
0.1	0.05	1100.0	0.0	0.49999997	0.1703125	-0.017081767
0.1	0.05	1100.0	0.0	0.49999997	0.171875	-0.023478895
0.1	0.05	1100.0	0.0	0.49999997	0.1734375	-0.017929554
0.1	0.05	1100.0	0.0	0.49999997	0.17500001	-0.032346576
0.1	0.05	1100.0	0.0	0.49999997	0.1765625	-0.0345577
0.1	0.05	1100.0	0.0	0.49999997	0.178125	-0.044334024
0.1	0.05	1100.0	0.0	0.49999997	0.1796875	-0.04128456
0.1	0.05	1100.0	0.0	0.49999997	0.18125	-0.051177144
0.1	0.05	1100.0	0.0	0.49999997	0.18281251	-0.05472669
0.1	0.05	1100.0	0.0	0.49999997	0.184375	-0.065126866
0.1	0.05	1100.0	0.0	0.49999997	0.1859375	-0.056259513
0.1	0.05	1100.0	0.0	0.49999997	0.1875	-0.07135993
0.1	0.05	1100.0	0.0	0.49999997	0.1890625	-0.077341974
0.1	0.05	1100.0	0.0	0.49999997	0.19062501	-0.08833036
0.1	0.05	1100.0	0.0	0.49999997	0.1921875	-0.07955575
0.1	0.05	1100.0	0.0	0.49999997	0.19375	-0.09277615
0.1	0.05	1100.0	0.0	0.49999997	0.1953125	-0.102214605
0.1	0.05	1100.0	0.0	0.49999997	0.196875	-0.10391638
0.1	0.05	1100.0	0.0	0.49999997	0.19843751	-0.105484754
0.1	0.05	1100.0	0.0	0.49999997	0.2	-0.11726776
0.1	0.05	1100.0	0.0	0.5125	0.1015625	-79.94615
0.1	0.05	1100.0	0.0	0.5125	0.103125	-80.82925
0.1	0.05	1100.0	0.0	0.5125	0.104687504	-73.877205
0.1	0.05	1100.0	0.0	0.5125	0.10625	-66.33807
0.1	0.05	1100.0	0.0	0.5125	0.1078125	-64.199524
0.1	0.05	1100.0	0.0	0.5125	0.109375	-48.469383
0.1	0.05	1100.0	0.0	0.5125	0.1109375	-49.752193
0.1	0.05	1100.0	0.0	0.5125	0.112500004	-28.24115
0.1	0.05	1100.0	0.0	0.5125	0.1140625	-30.95794
0.1	0.05	1100.0	0.0	0.5125	0.115625	-0.43197268
0.1	0.05	1100.0	0.0	0.5125	0.1171875	0.011786699
0.1	0.05	1100.0	0.0	0.5125	0.118750006	0.039946944
0.1	0.05	1100.0	0.0	0.5125	0.120312504	0.039576307
0.1	0.05	1100.0	0.0	0.5125	0.121875	0.038795978
0.1	0.05	1100.0	0.0	0.5125	0.1234375	0.036641628
0.1	0.05	1100.0	0.0	0.5125	0.125	0.036416933
0.1	0.05	1100.0	0.0	0.5125	0.1265625	0.03370212
0.1	0.05	1100.0	0.0	0.5125	0.128125	0.033575386
0.1	0.05	1100.0	0.0	0.5125	0.1296875	0.032752723
0.1	0.05	1100.0	0.0	0.5125	0.13125	0.030740544
0.1	0.05	1100.0	0.0	0.5125	0.1328125	0.03078565
0.1	0.05	1100.0	0.0	0.5125	0.134375	0.027923167
0.1	0.05	1100.0	0.0	0.5125	0.1359375	0.028086647
0.1	0.05	1100.0	0.0	0.5125	0.1375	0.025127023
0.1	0.05	1100.0	0.0	0.5125	0.1390625	0.0254229
0.1	0.05	1100.0	0.0	0.5125	0.140625	0.022363126
0.1	0.05	1100.0	0.0	0.5125	0.1421875	0.022801682
0.1	0.05	1100.0	0.0	0.5125	0.14375	0.019644901
0.1	0.05	1100.0	0.0	0.5125	0.1453125	0.02023761
0.1	0.05	1100.0	0.0	0.5125	0.146875	0.016984463
0.1	0.05	1100.0	0.0	0.5125	0.1484375	0.017743587
0.1	0.05	1100.0	0.0	0.5125	0.15	0.014394656
0.1	0.05	1100.0	0.0	0.5125	0.1515625	0.013179764
0.1	0.05	1100.0	0.0	0.5125	0.153125	0.011897504
0.1	0.05	1100.0	0.0	0.5125	0.1546875	0.010346323
0.1	0.05	1100.0	0.0	0.5125	0.15625	0.0071511716
0.1	0.05	1100.0	0.0	0.5125	0.1578125	0.0057267696
0.1	0.05	1100.0	0.0	0.5125	0.159375	0.0068047494
0.1	0.05	1100.0	0.0	0.5125	0.1609375	0.003382355
0.1	0.05	1100.0	0.0	0.5125	0.1625	0.0011594146
0.1	0.05	1100.0	0.0	0.5125	0.1640625	0.0011971891
0.1	0.05	1100.0	0.0	0.5125	0.165625	-0.001862973
0.1	0.05	1100.0	0.0	0.5125	0.16718751	-0.004476279
0.1	0.05	1100.0	0.0	0.5125	0.16875	-0.005125612
0.1	0.05	1100.0	0.0	0.5125	0.1703125	-0.0033191442
0.1	0.05	1100.0	0.0	0.5125	0.171875	-0.009629697
0.1	0.05	1100.0	0.0	0.5125	0.1734375	-0.011252761
0.1	0.05	1100.0	0.0	0.5125	0.17500001	-0.008557484
0.1	0.05	1100.0	0.0	0.5125	0.1765625	-0.016457528
0.1	0.05	1100.0	0.0	0.5125	0.178125	-0.01415813
0.1	0.05	1100.0	0.0	0.5125	0.1796875	-0.028575718
0.1	0.05	1100.0	0.0	0.5125	0.18125	-0.024867743
0.1	0.05	1100.0	0.0	0.5125	0.18281251	-0.037782878
0.1	0.05	1100.0	0.0	0.5125	0.184375	-0.044555247
0.1	0.05	1100.0	0.0	0.5125	0.1859375	-0.04734525
0.1	0.05	1100.0	0.0	0.5125	0.1875	-0.044979632
0.1	0.05	1100.0	0.0	0.5125	0.1890625	-0.057236373
0.1	0.05	1100.0	0.0	0.5125	0.19062501	-0.06588438
0.1	0.05	1100.0	0.0	0.5125	0.1921875	-0.067444324
0.1	0.05	1100.0	0.0	0.5125	0.19375	-0.067478776
0.1	0.05	1100.0	0.0	0.5125	0.1953125	-0.07842758
0.1	0.05	1100.0	0.0	0.5125	0.196875	-0.073370874
0.1	0.05	1100.0	0.0	0.5125	0.19843751	-0.08874813
0.1	0.05	1100.0	0.0	0.525	0.103125	-84.49566
0.1	0.05	1100.0	0.0	0.525	0.104687504	-84.7024
0.1	0.05	1100.0	0.0	0.525	0.10625	-81.94041
0.1	0.05	1100.0	0.0	0.525	0.1078125	-76.90708
0.1	0.05	1100.0	0.0	0.525	0.109375	-78.47246
0.1	0.05	1100.0	0.0	0.525	0.1109375	-70.29008
0.1	0.05	1100.0	0.0	0.525	0.112500004	-66.011475
0.1	0.05	1100.0	0.0	0.525	0.1140625	-60.76306
0.1	0.05	1100.0	0.0	0.525	0.115625	-47.379642
0.1	0.05	1100.0	0.0	0.525	0.1171875	-48.219723
0.1	0.05	1100.0	0.0	0.525	0.118750006	-26.410141
0.1	0.05	1100.0	0.0	0.525	0.120312504	-30.6399
0.1	0.05	1100.0	0.0	0.525	0.121875	-0.52627784
0.1	0.05	1100.0	0.0	0.525	0.1234375	-0.04091537
0.1	0.05	1100.0	0.0	0.525	0.125	0.037199005
0.1	0.05	1100.0	0.0	0.525	0.1265625	0.03693752
0.1	0.05	1100.0	0.0	0.525	0.128125	0.036304653
0.1	0.05	1100.0	0.0	0.525	0.1296875	0.034159407
0.1	0.05	1100.0	0.0	0.525	0.13125	0.03404647
0.1	0.05	1100.0	0.0	0.525	0.1328125	0.0313942
0.1	0.05	1100.0	0.0	0.525	0.134375	0.03138128
0.1	0.05	1100.0	0.0	0.525	0.1359375	0.028648779
0.1	0.05	1100.0	0.0	0.525	0.1375	0.028743804
0.1	0.05	1100.0	0.0	0.525	0.1390625	0.027439147
0.1	0.05	1100.0	0.0	0.525	0.140625	0.026139662
0.1	0.05	1100.0	0.0	0.525	0.1421875	0.025828153
0.1	0.05	1100.0	0.0	0.525	0.14375	0.023580655
0.1	0.05	1100.0	0.0	0.525	0.1453125	0.023457348
0.1	0.05	1100.0	0.0	0.525	0.146875	0.02107118
0.1	0.05	1100.0	0.0	0.525	0.1484375	0.02037698
0.1	0.05	1100.0	0.0	0.525	0.15	0.018625677
0.1	0.05	1100.0	0.0	0.525	0.1515625	0.016635299
0.1	0.05	1100.0	0.0	0.525	0.153125	0.016257852
0.1	0.05	1100.0	0.0	0.525	0.1546875	0.013025194
0.1	0.05	1100.0	0.0	0.525	0.15625	0.013978809
0.1	0.05	1100.0	0.0	0.525	0.1578125	0.010673031
0.1	0.05	1100.0	0.0	0.525	0.159375	0.009602368
0.1	0.05	1100.0	0.0	0.525	0.1609375	0.008430302
0.1	0.05	1100.0	0.0	0.525	0.1625	0.008879989
0.1	0.05	1100.0	0.0	0.525	0.1640625	0.004164517
0.1	0.05	1100.0	0.0	0.525	0.165625	0.0026524663
0.1	0.05	1100.0	0.0	0.525	0.16718751	0.004271865
0.1	0.05	1100.0	0.0	0.525	0.16875	6.258786E-4
0.1	0.05	1100.0	0.0	0.525	0.1703125	-8.595884E-4
0.1	0.05	1100.0	0.0	0.525	0.171875	-0.0012236089
0.1	0.05	1100.0	0.0	0.525	0.1734375	-0.005183995
0.1	0.05	1100.0	0.0	0.525	0.17500001	-0.0056274384
0.1	0.05	1100.0	0.0	0.525	0.1765625	-0.0069449544
0.1	0.05	1100.0	0.0	0.525	0.178125	-0.007957667
0.1	0.05	1100.0	0.0	0.525	0.1796875	-0.010002509
0.1	0.05	1100.0	0.0	0.525	0.18125	-0.012794942
0.1	0.05	1100.0	0.0	0.525	0.18281251	-0.015368789
0.1	0.05	1100.0	0.0	0.525	0.184375	-0.013991728
0.1	0.05	1100.0	0.0	0.525	0.1859375	-0.019067377
0.1	0.05	1100.0	0.0	0.525	0.1875	-0.03364888
0.1	0.05	1100.0	0.0	0.525	0.1890625	-0.034187347
0.1	0.05	1100.0	0.0	0.525	0.19062501	-0.044261187
0.1	0.05	1100.0	0.0	0.525	0.1921875	-0.038124144
0.1	0.05	1100.0	0.0	0.525	0.19375	-0.053034365
0.1	0.05	1100.0	0.0	0.525	0.1953125	-0.055443972
0.1	0.05	1100.0	0.0	0.525	0.196875	-0.06609216
0.1	0.05	1100.0	0.0	0.53749996	0.104687504	-87.63806
0.1	0.05	1100.0	0.0	0.53749996	0.10625	-86.50531
0.1	0.05	1100.0	0.0	0.53749996	0.1078125	-84.96547
0.1	0.05	1100.0	0.0	0.53749996	0.109375	-84.656006
0.1	0.05	1100.0	0.0	0.53749996	0.1109375	-83.12658
0.1	0.05	1100.0	0.0	0.53749996	0.112500004	-79.895966
0.1	0.05	1100.0	0.0	0.53749996	0.1140625	-76.903015
0.1	0.05	1100.0	0.0	0.53749996	0.115625	-76.31299
0.1	0.05	1100.0	0.0	0.53749996	0.1171875	-67.340645
0.1	0.05	1100.0	0.0	0.53749996	0.118750006	-65.07221
0.1	0.05	1100.0	0.0	0.53749996	0.120312504	-58.729748
0.1	0.05	1100.0	0.0	0.53749996	0.121875	-45.770336
0.1	0.05	1100.0	0.0	0.53749996	0.1234375	-48.664577
0.1	0.05	1100.0	0.0	0.53749996	0.125	-24.150642
0.1	0.05	1100.0	0.0	0.53749996	0.1265625	-28.240158
0.1	0.05	1100.0	0.0	0.53749996	0.128125	-0.6308812
0.1	0.05	1100.0	0.0	0.53749996	0.1296875	-0.13715881
0.1	0.05	1100.0	0.0	0.53749996	0.13125	0.034576163
0.1	0.05	1100.0	0.0	0.53749996	0.1328125	0.03442079
0.1	0.05	1100.0	0.0	0.53749996	0.134375	0.03342077
0.1	0.05	1100.0	0.0	0.53749996	0.1359375	0.03179714
0.1	0.05	1100.0	0.0	0.53749996	0.1375	0.03179033
0.1	0.05	1100.0	0.0	0.53749996	0.1390625	0.02920106
0.1	0.05	1100.0	0.0	0.53749996	0.140625	0.02929455
0.1	0.05	1100.0	0.0	0.53749996	0.1421875	0.026642025
0.1	0.05	1100.0	0.0	0.53749996	0.14375	0.026842803
0.1	0.05	1100.0	0.0	0.53749996	0.1453125	0.02412355
0.1	0.05	1100.0	0.0	0.53749996	0.146875	0.024439394
0.1	0.05	1100.0	0.0	0.53749996	0.1484375	0.02165404
0.1	0.05	1100.0	0.0	0.53749996	0.15	0.022093639
0.1	0.05	1100.0	0.0	0.53749996	0.1515625	0.019244373
0.1	0.05	1100.0	0.0	0.53749996	0.153125	0.019815788
0.1	0.05	1100.0	0.0	0.53749996	0.1546875	0.016904727
0.1	0.05	1100.0	0.0	0.53749996	0.15625	0.017614782
0.1	0.05	1100.0	0.0	0.53749996	0.1578125	0.014643297
0.1	0.05	1100.0	0.0	0.53749996	0.159375	0.0155000985
0.1	0.05	1100.0	0.0	0.53749996	0.1609375	0.012475997
0.1	0.05	1100.0	0.0	0.53749996	0.1625	0.012028366
0.1	0.05	1100.0	0.0	0.53749996	0.1640625	0.010412484
0.1	0.05	1100.0	0.0	0.53749996	0.165625	0.0071632415
0.1	0.05	1100.0	0.0	0.53749996	0.16718751	0.006321579
0.1	0.05	1100.0	0.0	0.53749996	0.16875	0.005174488
0.1	0.05	1100.0	0.0	0.53749996	0.1703125	0.0063417405
0.1	0.05	1100.0	0.0	0.53749996	0.171875	0.0014600456
0.1	0.05	1100.0	0.0	0.53749996	0.1734375	3.4031272E-4
0.1	0.05	1100.0	0.0	0.53749996	0.17500001	0.0016227812
0.1	0.05	1100.0	0.0	0.53749996	0.1765625	-0.0026443005
0.1	0.05	1100.0	0.0	0.53749996	0.178125	-0.0026780665
0.1	0.05	1100.0	0.0	0.53749996	0.1796875	-0.0034894943
0.1	0.05	1100.0	0.0	0.53749996	0.18125	-0.007508576
0.1	0.05	1100.0	0.0	0.53749996	0.18281251	-0.0066870004
0.1	0.05	1100.0	0.0	0.53749996	0.184375	-0.008667305
0.1	0.05	1100.0	0.0	0.53749996	0.1859375	-0.011411279
0.1	0.05	1100.0	0.0	0.53749996	0.1875	-0.010237172
0.1	0.05	1100.0	0.0	0.53749996	0.1890625	-0.013867721
0.1	0.05	1100.0	0.0	0.53749996	0.19062501	-0.014777422
0.1	0.05	1100.0	0.0	0.53749996	0.1921875	-0.01473029
0.1	0.05	1100.0	0.0	0.53749996	0.19375	-0.023900896
0.1	0.05	1100.0	0.0	0.53749996	0.1953125	-0.03863612
0.1	0.05	1100.0	0.0	0.55	0.10625	-88.3873
0.1	0.05	1100.0	0.0	0.55	0.1078125	-87.54841
0.1	0.05	1100.0	0.0	0.55	0.109375	-86.502396
0.1	0.05	1100.0	0.0	0.55	0.1109375	-86.543274
0.1	0.05	1100.0	0.0	0.55	0.112500004	-85.26511
0.1	0.05	1100.0	0.0	0.55	0.1140625	-83.5028
0.1	0.05	1100.0	0.0	0.55	0.115625	-83.86499
0.1	0.05	1100.0	0.0	0.55	0.1171875	-81.59326
0.1	0.05	1100.0	0.0	0.55	0.118750006	-77.97104
0.1	0.05	1100.0	0.0	0.55	0.120312504	-76.26604
0.1	0.05	1100.0	0.0	0.55	0.121875	-74.479996
0.1	0.05	1100.0	0.0	0.55	0.1234375	-65.22487
0.1	0.05	1100.0	0.0	0.55	0.125	-63.594715
0.1	0.05	1100.0	0.0	0.55	0.1265625	-57.993633
0.1	0.05	1100.0	0.0	0.55	0.128125	-43.692204
0.1	0.05	1100.0	0.0	0.55	0.1296875	-47.770695
0.1	0.05	1100.0	0.0	0.55	0.13125	-21.508568
0.1	0.05	1100.0	0.0	0.55	0.1328125	-25.474747
0.1	0.05	1100.0	0.0	0.55	0.134375	-11.293694
0.1	0.05	1100.0	0.0	0.55	0.1359375	-0.28956205
0.1	0.05	1100.0	0.0	0.55	0.1375	-0.0012892485
0.1	0.05	1100.0	0.0	0.55	0.1390625	0.032008797
0.1	0.05	1100.0	0.0	0.55	0.140625	0.030296654
0.1	0.05	1100.0	0.0	0.55	0.1421875	0.029534161
0.1	0.05	1100.0	0.0	0.55	0.14375	0.029628426
0.1	0.05	1100.0	0.0	0.55	0.1453125	0.027103603
0.1	0.05	1100.0	0.0	0.55	0.146875	0.027295768
0.1	0.05	1100.0	0.0	0.55	0.1484375	0.024718866
0.1	0.05	1100.0	0.0	0.55	0.15	0.025019735
0.1	0.05	1100.0	0.0	0.55	0.1515625	0.022390023
0.1	0.05	1100.0	0.0	0.55	0.153125	0.022802785
0.1	0.05	1100.0	0.0	0.55	0.1546875	0.020123124
0.1	0.05	1100.0	0.0	0.55	0.15625	0.020654917
0.1	0.05	1100.0	0.0	0.55	0.1578125	0.017928138
0.1	0.05	1100.0	0.0	0.55	0.159375	0.018583462
0.1	0.05	1100.0	0.0	0.55	0.1609375	0.015810654
0.1	0.05	1100.0	0.0	0.55	0.1625	0.014591157
0.1	0.05	1100.0	0.0	0.55	0.1640625	0.013784468
0.1	0.05	1100.0	0.0	0.55	0.165625	0.0108358115
0.1	0.05	1100.0	0.0	0.55	0.16718751	0.0118582845
0.1	0.05	1100.0	0.0	0.55	0.16875	0.00886935
0.1	0.05	1100.0	0.0	0.55	0.1703125	0.010042936
0.1	0.05	1100.0	0.0	0.55	0.171875	0.007021144
0.1	0.05	1100.0	0.0	0.55	0.1734375	0.005352974
0.1	0.05	1100.0	0.0	0.55	0.17500001	0.005299926
0.1	0.05	1100.0	0.0	0.55	0.1765625	-0.010586798
0.1	0.05	1100.0	0.0	0.55	0.178125	0.003673181
0.1	0.05	1100.0	0.0	0.55	0.1796875	-0.0010316223
0.1	0.05	1100.0	0.0	0.55	0.18125	-0.0020006
0.1	0.05	1100.0	0.0	0.55	0.18281251	-9.545982E-4
0.1	0.05	1100.0	0.0	0.55	0.184375	-0.025791526
0.1	0.05	1100.0	0.0	0.55	0.1859375	-0.0043682307
0.1	0.05	1100.0	0.0	0.55	0.1875	-0.0056484193
0.1	0.05	1100.0	0.0	0.55	0.1890625	-0.009278074
0.1	0.05	1100.0	0.0	0.55	0.19062501	-0.019465208
0.1	0.05	1100.0	0.0	0.55	0.1921875	-0.0123410225
0.1	0.05	1100.0	0.0	0.55	0.19375	-0.014176011
0.1	0.05	1100.0	0.0	0.5625	0.1078125	-88.912025
0.1	0.05	1100.0	0.0	0.5625	0.109375	-88.23605
0.1	0.05	1100.0	0.0	0.5625	0.1109375	-87.437744
0.1	0.05	1100.0	0.0	0.5625	0.112500004	-87.41305
0.1	0.05	1100.0	0.0	0.5625	0.1140625	-86.48352
0.1	0.05	1100.0	0.0	0.5625	0.115625	-85.310745
0.1	0.05	1100.0	0.0	0.5625	0.1171875	-85.44841
0.1	0.05	1100.0	0.0	0.5625	0.118750006	-84.030876
0.1	0.05	1100.0	0.0	0.5625	0.120312504	-82.06327
0.1	0.05	1100.0	0.0	0.5625	0.121875	-82.62161
0.1	0.05	1100.0	0.0	0.5625	0.1234375	-80.152275
0.1	0.05	1100.0	0.0	0.5625	0.125	-76.256035
0.1	0.05	1100.0	0.0	0.5625	0.1265625	-75.072586
0.1	0.05	1100.0	0.0	0.5625	0.128125	-73.03804
0.1	0.05	1100.0	0.0	0.5625	0.1296875	-63.965714
0.1	0.05	1100.0	0.0	0.5625	0.13125	-61.630318
0.1	0.05	1100.0	0.0	0.5625	0.1328125	-58.268803
0.1	0.05	1100.0	0.0	0.5625	0.134375	-41.192894
0.1	0.05	1100.0	0.0	0.5625	0.1359375	-45.14984
0.1	0.05	1100.0	0.0	0.5625	0.1375	-28.51403
0.1	0.05	1100.0	0.0	0.5625	0.1390625	-22.3889
0.1	0.05	1100.0	0.0	0.5625	0.140625	-22.967789
0.1	0.05	1100.0	0.0	0.5625	0.1421875	-0.47471964
0.1	0.05	1100.0	0.0	0.5625	0.14375	-0.09525412
0.1	0.05	1100.0	0.0	0.5625	0.1453125	0.02968578
0.1	0.05	1100.0	0.0	0.5625	0.146875	0.027220905
0.1	0.05	1100.0	0.0	0.5625	0.1484375	0.027355924
0.1	0.05	1100.0	0.0	0.5625	0.15	0.026405573
0.1	0.05	1100.0	0.0	0.5625	0.1515625	0.021353483
0.1	0.05	1100.0	0.0	0.5625	0.153125	0.025009394
0.1	0.05	1100.0	0.0	0.5625	0.1546875	0.0013138652
0.1	0.05	1100.0	0.0	0.5625	0.15625	0.02286762
0.1	0.05	1100.0	0.0	0.5625	0.1578125	0.020707726
0.1	0.05	1100.0	0.0	0.5625	0.159375	0.020040214
0.1	0.05	1100.0	0.0	0.5625	0.1609375	0.018626794
0.1	0.05	1100.0	0.0	0.5625	0.1625	0.014262974
0.1	0.05	1100.0	0.0	0.5625	0.1640625	0.016623527
0.1	0.05	1100.0	0.0	0.5625	0.165625	0.013896331
0.1	0.05	1100.0	0.0	0.5625	0.16718751	0.014711067
0.1	0.05	1100.0	0.0	0.5625	0.16875	0.0119470805
0.1	0.05	1100.0	0.0	0.5625	0.1703125	-0.0072889924
0.1	0.05	1100.0	0.0	0.5625	0.171875	0.01009731
0.1	0.05	1100.0	0.0	0.5625	0.1734375	0.009871602
0.1	0.05	1100.0	0.0	0.5625	0.17500001	0.002583146
0.1	0.05	1100.0	0.0	0.5625	0.1765625	0.0054103583
0.1	0.05	1100.0	0.0	0.5625	0.178125	0.0067383796
0.1	0.05	1100.0	0.0	0.5625	0.1796875	0.001979351
0.1	0.05	1100.0	0.0	0.5625	0.18125	0.0041451156
0.1	0.05	1100.0	0.0	0.5625	0.18281251	0.0022655576
0.1	0.05	1100.0	0.0	0.5625	0.184375	-0.007707894
0.1	0.05	1100.0	0.0	0.5625	0.1859375	9.034127E-4
0.1	0.05	1100.0	0.0	0.5625	0.1875	-0.0033762157
0.1	0.05	1100.0	0.0	0.5625	0.1890625	-0.028188944
0.1	0.05	1100.0	0.0	0.5625	0.19062501	-0.017673075
0.1	0.05	1100.0	0.0	0.5625	0.1921875	-0.006826699
0.1	0.05	1100.0	0.0	0.575	0.109375	-89.30332
0.1	0.05	1100.0	0.0	0.575	0.1109375	-88.728485
0.1	0.05	1100.0	0.0	0.575	0.112500004	-88.07343
0.1	0.05	1100.0	0.0	0.575	0.1140625	-88.01471
0.1	0.05	1100.0	0.0	0.575	0.115625	-87.276184
0.1	0.05	1100.0	0.0	0.575	0.1171875	-87.26988
0.1	0.05	1100.0	0.0	0.575	0.118750006	-86.43372
0.1	0.05	1100.0	0.0	0.575	0.120312504	-85.41478
0.1	0.05	1100.0	0.0	0.575	0.121875	-85.549385
0.1	0.05	1100.0	0.0	0.575	0.1234375	-84.3688
0.1	0.05	1100.0	0.0	0.575	0.125	-82.82775
0.1	0.05	1100.0	0.0	0.575	0.1265625	-80.68834
0.1	0.05	1100.0	0.0	0.575	0.128125	-81.44852
0.1	0.05	1100.0	0.0	0.575	0.1296875	-78.844925
0.1	0.05	1100.0	0.0	0.575	0.13125	-74.804214
0.1	0.05	1100.0	0.0	0.575	0.1328125	-73.38166
0.1	0.05	1100.0	0.0	0.575	0.134375	-71.98581
0.1	0.05	1100.0	0.0	0.575	0.1359375	-63.440662
0.1	0.05	1100.0	0.0	0.575	0.1375	-59.23307
0.1	0.05	1100.0	0.0	0.575	0.1390625	-59.18652
0.1	0.05	1100.0	0.0	0.575	0.140625	-40.991173
0.1	0.05	1100.0	0.0	0.575	0.1421875	-42.168053
0.1	0.05	1100.0	0.0	0.575	0.14375	-36.091362
0.1	0.05	1100.0	0.0	0.575	0.1453125	-19.028275
0.1	0.05	1100.0	0.0	0.575	0.146875	-22.56221
0.1	0.05	1100.0	0.0	0.575	0.1484375	-4.2805023
0.1	0.05	1100.0	0.0	0.575	0.15	-0.25865203
0.1	0.05	1100.0	0.0	0.575	0.1515625	-0.021273136
0.1	0.05	1100.0	0.0	0.575	0.153125	0.025016278
0.1	0.05	1100.0	0.0	0.575	0.1546875	0.025244355
0.1	0.05	1100.0	0.0	0.575	0.15625	0.022786915
0.1	0.05	1100.0	0.0	0.575	0.1578125	0.02311273
0.1	0.05	1100.0	0.0	0.575	0.159375	0.020621091
0.1	0.05	1100.0	0.0	0.575	0.1609375	0.021050557
0.1	0.05	1100.0	0.0	0.575	0.1625	0.0037792325
0.1	0.05	1100.0	0.0	0.575	0.1640625	0.019059569
0.1	0.05	1100.0	0.0	0.575	0.165625	0.016500697
0.1	0.05	1100.0	0.0	0.575	0.16718751	0.017146796
0.1	0.05	1100.0	0.0	0.575	0.16875	0.014557511
0.1	0.05	1100.0	0.0	0.575	0.1703125	-0.001003623
0.1	0.05	1100.0	0.0	0.575	0.171875	0.01270546
0.1	0.05	1100.0	0.0	0.575	0.1734375	0.013586432
0.1	0.05	1100.0	0.0	0.575	0.17500001	0.010948598
0.1	0.05	1100.0	0.0	0.575	0.1765625	0.008674681
0.1	0.05	1100.0	0.0	0.575	0.178125	-0.045505464
0.1	0.05	1100.0	0.0	0.575	0.1796875	0.006526962
0.1	0.05	1100.0	0.0	0.575	0.18125	0.007752955
0.1	0.05	1100.0	0.0	0.575	0.18281251	-0.04207027
0.1	0.05	1100.0	0.0	0.575	0.184375	0.0034297407
0.1	0.05	1100.0	0.0	0.575	0.1859375	0.0035398751
0.1	0.05	1100.0	0.0	0.575	0.1875	-0.05202514
0.1	0.05	1100.0	0.0	0.575	0.1890625	0.0022428483
0.1	0.05	1100.0	0.0	0.575	0.19062501	-6.682128E-4
0.1	0.05	1100.0	0.0	0.5875	0.1109375	-89.47492
0.1	0.05	1100.0	0.0	0.5875	0.112500004	-89.10062
0.1	0.05	1100.0	0.0	0.5875	0.1140625	-88.53739
0.1	0.05	1100.0	0.0	0.5875	0.115625	-88.45953
0.1	0.05	1100.0	0.0	0.5875	0.1171875	-87.83794
0.1	0.05	1100.0	0.0	0.5875	0.118750006	-87.79729
0.1	0.05	1100.0	0.0	0.5875	0.120312504	-87.11006
0.1	0.05	1100.0	0.0	0.5875	0.121875	-86.308685
0.1	0.05	1100.0	0.0	0.5875	0.1234375	-86.35845
0.1	0.05	1100.0	0.0	0.5875	0.125	-85.45715
0.1	0.05	1100.0	0.0	0.5875	0.1265625	-84.354355
0.1	0.05	1100.0	0.0	0.5875	0.128125	-84.578415
0.1	0.05	1100.0	0.0	0.5875	0.1296875	-83.31841
0.1	0.05	1100.0	0.0	0.5875	0.13125	-81.67579
0.1	0.05	1100.0	0.0	0.5875	0.1328125	-79.4064
0.1	0.05	1100.0	0.0	0.5875	0.134375	-80.36513
0.1	0.05	1100.0	0.0	0.5875	0.1359375	-77.69254
0.1	0.05	1100.0	0.0	0.5875	0.1375	-73.63781
0.1	0.05	1100.0	0.0	0.5875	0.1390625	-71.239235
0.1	0.05	1100.0	0.0	0.5875	0.140625	-71.273026
0.1	0.05	1100.0	0.0	0.5875	0.1421875	-63.447144
0.1	0.05	1100.0	0.0	0.5875	0.14375	-56.439735
0.1	0.05	1100.0	0.0	0.5875	0.1453125	-60.22198
0.1	0.05	1100.0	0.0	0.5875	0.146875	-45.43775
0.1	0.05	1100.0	0.0	0.5875	0.1484375	-38.86027
0.1	0.05	1100.0	0.0	0.5875	0.15	-42.38775
0.1	0.05	1100.0	0.0	0.5875	0.1515625	-18.372581
0.1	0.05	1100.0	0.0	0.5875	0.153125	-18.887665
0.1	0.05	1100.0	0.0	0.5875	0.1546875	-18.624573
0.1	0.05	1100.0	0.0	0.5875	0.15625	-0.46338487
0.1	0.05	1100.0	0.0	0.5875	0.1578125	-0.13944548
0.1	0.05	1100.0	0.0	0.5875	0.159375	0.0062116385
0.1	0.05	1100.0	0.0	0.5875	0.1609375	0.023179173
0.1	0.05	1100.0	0.0	0.5875	0.1625	-0.015681982
0.1	0.05	1100.0	0.0	0.5875	0.1640625	0.021186188
0.1	0.05	1100.0	0.0	0.5875	0.165625	0.018757105
0.1	0.05	1100.0	0.0	0.5875	0.16718751	0.01926881
0.1	0.05	1100.0	0.0	0.5875	0.16875	0.016811356
0.1	0.05	1100.0	0.0	0.5875	0.1703125	-0.0015342236
0.1	0.05	1100.0	0.0	0.5875	0.171875	0.014947176
0.1	0.05	1100.0	0.0	0.5875	0.1734375	-0.053153872
0.1	0.05	1100.0	0.0	0.5875	0.17500001	0.01316984
0.1	0.05	1100.0	0.0	0.5875	0.1765625	0.012999564
0.1	0.05	1100.0	0.0	0.5875	0.178125	-0.023739338
0.1	0.05	1100.0	0.0	0.5875	0.1796875	0.008874938
0.1	0.05	1100.0	0.0	0.5875	0.18125	0.009898886
0.1	0.05	1100.0	0.0	0.5875	0.18281251	-0.012523651
0.1	0.05	1100.0	0.0	0.5875	0.184375	0.008419707
0.1	0.05	1100.0	0.0	0.5875	0.1859375	0.0057848245
0.1	0.05	1100.0	0.0	0.5875	0.1875	-0.01223433
0.1	0.05	1100.0	0.0	0.5875	0.1890625	0.004411608
0.1	0.05	1100.0	0.0	0.59999996	0.112500004	-89.50044
0.1	0.05	1100.0	0.0	0.59999996	0.1140625	-89.3913
0.1	0.05	1100.0	0.0	0.59999996	0.115625	-88.89135
0.1	0.05	1100.0	0.0	0.59999996	0.1171875	-88.80238
0.1	0.05	1100.0	0.0	0.59999996	0.118750006	-88.25934
0.1	0.05	1100.0	0.0	0.59999996	0.120312504	-88.19799
0.1	0.05	1100.0	0.0	0.59999996	0.121875	-87.60671
0.1	0.05	1100.0	0.0	0.59999996	0.1234375	-86.938126
0.1	0.05	1100.0	0.0	0.59999996	0.125	-86.93887
0.1	0.05	1100.0	0.0	0.59999996	0.1265625	-86.20296
0.1	0.05	1100.0	0.0	0.59999996	0.128125	-85.34052
0.1	0.05	1100.0	0.0	0.59999996	0.1296875	-85.452354
0.1	0.05	1100.0	0.0	0.59999996	0.13125	-84.492
0.1	0.05	1100.0	0.0	0.59999996	0.1328125	-83.31351
0.1	0.05	1100.0	0.0	0.59999996	0.134375	-83.632675
0.1	0.05	1100.0	0.0	0.59999996	0.1359375	-82.30875
0.1	0.05	1100.0	0.0	0.59999996	0.1375	-80.58968
0.1	0.05	1100.0	0.0	0.59999996	0.1390625	-78.237724
0.1	0.05	1100.0	0.0	0.59999996	0.140625	-79.37941
0.1	0.05	1100.0	0.0	0.59999996	0.1421875	-76.6974
0.1	0.05	1100.0	0.0	0.59999996	0.14375	-72.72612
0.1	0.05	1100.0	0.0	0.59999996	0.1453125	-68.67628
0.1	0.05	1100.0	0.0	0.59999996	0.146875	-70.82282
0.1	0.05	1100.0	0.0	0.59999996	0.1484375	-63.79822
0.1	0.05	1100.0	0.0	0.59999996	0.15	-53.287766
0.1	0.05	1100.0	0.0	0.59999996	0.1515625	-56.98327
0.1	0.05	1100.0	0.0	0.59999996	0.153125	-49.53281
0.1	0.05	1100.0	0.0	0.59999996	0.1546875	-35.267113
0.1	0.05	1100.0	0.0	0.59999996	0.15625	-38.723255
0.1	0.05	1100.0	0.0	0.59999996	0.1578125	-29.241608
0.1	0.05	1100.0	0.0	0.59999996	0.159375	-15.04068
0.1	0.05	1100.0	0.0	0.59999996	0.1609375	-18.228333
0.1	0.05	1100.0	0.0	0.59999996	0.1625	-7.0817337
0.1	0.05	1100.0	0.0	0.59999996	0.1640625	-0.3278706
0.1	0.05	1100.0	0.0	0.59999996	0.165625	-0.0833559
0.1	0.05	1100.0	0.0	0.59999996	0.16718751	0.015794396
0.1	0.05	1100.0	0.0	0.59999996	0.16875	0.018789634
0.1	0.05	1100.0	0.0	0.59999996	0.1703125	-0.008477151
0.1	0.05	1100.0	0.0	0.59999996	0.171875	0.016907021
0.1	0.05	1100.0	0.0	0.59999996	0.1734375	-0.05087775
0.1	0.05	1100.0	0.0	0.59999996	0.17500001	0.015104622
0.1	0.05	1100.0	0.0	0.59999996	0.1765625	0.015795305
0.1	0.05	1100.0	0.0	0.59999996	0.178125	-0.013017833
0.1	0.05	1100.0	0.0	0.59999996	0.1796875	0.012556523
0.1	0.05	1100.0	0.0	0.59999996	0.18125	-0.0760743
0.1	0.05	1100.0	0.0	0.59999996	0.18281251	0.0032923222
0.1	0.05	1100.0	0.0	0.59999996	0.184375	0.010225311
0.1	0.05	1100.0	0.0	0.59999996	0.1859375	-0.05548477
0.1	0.05	1100.0	0.0	0.59999996	0.1875	0.008792669
0.1	0.05	1100.0	0.0	0.6125	0.1140625	-89.731766
0.1	0.05	1100.0	0.0	0.6125	0.115625	-89.6222
0.1	0.05	1100.0	0.0	0.6125	0.1171875	-89.16894
0.1	0.05	1100.0	0.0	0.6125	0.118750006	-89.07405
0.1	0.05	1100.0	0.0	0.6125	0.120312504	-88.58664
0.1	0.05	1100.0	0.0	0.6125	0.121875	-88.51245
0.1	0.05	1100.0	0.0	0.6125	0.1234375	-87.98803
0.1	0.05	1100.0	0.0	0.6125	0.125	-87.407555
0.1	0.05	1100.0	0.0	0.6125	0.1265625	-87.37802
0.1	0.05	1100.0	0.0	0.6125	0.128125	-86.74831
0.1	0.05	1100.0	0.0	0.6125	0.1296875	-86.54139
0.1	0.05	1100.0	0.0	0.6125	0.13125	-86.08026
0.1	0.05	1100.0	0.0	0.6125	0.1328125	-85.29726
0.1	0.05	1100.0	0.0	0.6125	0.134375	-84.37773
0.1	0.05	1100.0	0.0	0.6125	0.1359375	-84.55754
0.1	0.05	1100.0	0.0	0.6125	0.1375	-83.54366
0.1	0.05	1100.0	0.0	0.6125	0.1390625	-82.30165
0.1	0.05	1100.0	0.0	0.6125	0.140625	-82.7176
0.1	0.05	1100.0	0.0	0.6125	0.1421875	-81.34512
0.1	0.05	1100.0	0.0	0.6125	0.14375	-79.577194
0.1	0.05	1100.0	0.0	0.6125	0.1453125	-77.186615
0.1	0.05	1100.0	0.0	0.6125	0.146875	-78.32904
0.1	0.05	1100.0	0.0	0.6125	0.1484375	-75.84058
0.1	0.05	1100.0	0.0	0.6125	0.15	-72.03411
0.1	0.05	1100.0	0.0	0.6125	0.1515625	-66.19348
0.1	0.05	1100.0	0.0	0.6125	0.153125	-69.45496
0.1	0.05	1100.0	0.0	0.6125	0.1546875	-64.32698
0.1	0.05	1100.0	0.0	0.6125	0.15625	-54.36863
0.1	0.05	1100.0	0.0	0.6125	0.1578125	-53.428097
0.1	0.05	1100.0	0.0	0.6125	0.159375	-53.080936
0.1	0.05	1100.0	0.0	0.6125	0.1609375	-37.34929
0.1	0.05	1100.0	0.0	0.6125	0.1625	-34.814415
0.1	0.05	1100.0	0.0	0.6125	0.1640625	-38.020042
0.1	0.05	1100.0	0.0	0.6125	0.165625	-17.159904
0.1	0.05	1100.0	0.0	0.6125	0.16718751	-14.184097
0.1	0.05	1100.0	0.0	0.6125	0.16875	-17.149673
0.1	0.05	1100.0	0.0	0.6125	0.1703125	-0.52974707
0.1	0.05	1100.0	0.0	0.6125	0.171875	-0.24380386
0.1	0.05	1100.0	0.0	0.6125	0.1734375	-0.058690667
0.1	0.05	1100.0	0.0	0.6125	0.17500001	0.016810924
0.1	0.05	1100.0	0.0	0.6125	0.1765625	0.017380387
0.1	0.05	1100.0	0.0	0.6125	0.178125	-0.009866476
0.1	0.05	1100.0	0.0	0.6125	0.1796875	0.01571989
0.1	0.05	1100.0	0.0	0.6125	0.18125	-0.057539046
0.1	0.05	1100.0	0.0	0.6125	0.18281251	0.010993004
0.1	0.05	1100.0	0.0	0.6125	0.184375	0.011797309
0.1	0.05	1100.0	0.0	0.6125	0.1859375	-0.030252993
0.1	0.05	1100.0	0.0	0.625	0.115625	-89.91418
0.1	0.05	1100.0	0.0	0.625	0.1171875	-89.495895
0.1	0.05	1100.0	0.0	0.625	0.118750006	-89.388985
0.1	0.05	1100.0	0.0	0.625	0.120312504	-88.939804
0.1	0.05	1100.0	0.0	0.625	0.121875	-88.84647
0.1	0.05	1100.0	0.0	0.625	0.1234375	-88.363785
0.1	0.05	1100.0	0.0	0.625	0.125	-88.28942
0.1	0.05	1100.0	0.0	0.625	0.1265625	-87.77091
0.1	0.05	1100.0	0.0	0.625	0.128125	-87.72225
0.1	0.05	1100.0	0.0	0.625	0.1296875	-87.1661
0.1	0.05	1100.0	0.0	0.625	0.13125	-87.149925
0.1	0.05	1100.0	0.0	0.625	0.1328125	-86.554146
0.1	0.05	1100.0	0.0	0.625	0.134375	-85.88673
0.1	0.05	1100.0	0.0	0.625	0.1359375	-85.942184
0.1	0.05	1100.0	0.0	0.625	0.1375	-85.22366
0.1	0.05	1100.0	0.0	0.625	0.1390625	-84.39752
0.1	0.05	1100.0	0.0	0.625	0.140625	-83.481064
0.1	0.05	1100.0	0.0	0.625	0.1421875	-83.67676
0.1	0.05	1100.0	0.0	0.625	0.14375	-82.61773
0.1	0.05	1100.0	0.0	0.625	0.1453125	-81.3231
0.1	0.05	1100.0	0.0	0.625	0.146875	-81.481705
0.1	0.05	1100.0	0.0	0.625	0.1484375	-80.43053
0.1	0.05	1100.0	0.0	0.625	0.15	-78.63706
0.1	0.05	1100.0	0.0	0.625	0.1515625	-76.246956
0.1	0.05	1100.0	0.0	0.625	0.153125	-75.73377
0.1	0.05	1100.0	0.0	0.625	0.1546875	-75.107
0.1	0.05	1100.0	0.0	0.625	0.15625	-71.50072
0.1	0.05	1100.0	0.0	0.625	0.1578125	-66.166504
0.1	0.05	1100.0	0.0	0.625	0.159375	-66.09205
0.1	0.05	1100.0	0.0	0.625	0.1609375	-64.90796
0.1	0.05	1100.0	0.0	0.625	0.1625	-56.506157
0.1	0.05	1100.0	0.0	0.625	0.1640625	-49.586136
0.1	0.05	1100.0	0.0	0.625	0.165625	-52.92172
0.1	0.05	1100.0	0.0	0.625	0.16718751	-43.58342
0.1	0.05	1100.0	0.0	0.625	0.16875	-30.706558
0.1	0.05	1100.0	0.0	0.625	0.1703125	-33.853767
0.1	0.05	1100.0	0.0	0.625	0.171875	-28.548073
0.1	0.05	1100.0	0.0	0.625	0.1734375	-10.092361
0.1	0.05	1100.0	0.0	0.625	0.17500001	-12.967819
0.1	0.05	1100.0	0.0	0.625	0.1765625	-14.153992
0.1	0.05	1100.0	0.0	0.625	0.178125	-0.4451138
0.1	0.05	1100.0	0.0	0.625	0.1796875	-0.19751632
0.1	0.05	1100.0	0.0	0.625	0.18125	-0.050184608
0.1	0.05	1100.0	0.0	0.625	0.18281251	0.0133879185
0.1	0.05	1100.0	0.0	0.625	0.184375	-0.112635374
0.1	0.05	1100.0	0.0	0.6375	0.1171875	-90.05625
0.1	0.05	1100.0	0.0	0.6375	0.118750006	-89.66809
0.1	0.05	1100.0	0.0	0.6375	0.120312504	-89.5632
0.1	0.05	1100.0	0.0	0.6375	0.121875	-89.14878
0.1	0.05	1100.0	0.0	0.6375	0.1234375	-89.053856
0.1	0.05	1100.0	0.0	0.6375	0.125	-88.61132
0.1	0.05	1100.0	0.0	0.6375	0.1265625	-88.530624
0.1	0.05	1100.0	0.0	0.6375	0.128125	-88.05882
0.1	0.05	1100.0	0.0	0.6375	0.1296875	-87.997856
0.1	0.05	1100.0	0.0	0.6375	0.13125	-87.49516
0.1	0.05	1100.0	0.0	0.6375	0.1328125	-87.04867
0.1	0.05	1100.0	0.0	0.6375	0.134375	-86.92517
0.1	0.05	1100.0	0.0	0.6375	0.1359375	-86.33705
0.1	0.05	1100.0	0.0	0.6375	0.1375	-86.354805
0.1	0.05	1100.0	0.0	0.6375	0.1390625	-85.72776
0.1	0.05	1100.0	0.0	0.6375	0.140625	-85.02339
0.1	0.05	1100.0	0.0	0.6375	0.1421875	-85.12464
0.1	0.05	1100.0	0.0	0.6375	0.14375	-84.37184
0.1	0.05	1100.0	0.0	0.6375	0.1453125	-83.5052
0.1	0.05	1100.0	0.0	0.6375	0.146875	-82.48636
0.1	0.05	1100.0	0.0	0.6375	0.1484375	-82.8114
0.1	0.05	1100.0	0.0	0.6375	0.15	-81.71462
0.1	0.05	1100.0	0.0	0.6375	0.1515625	-80.38091
0.1	0.05	1100.0	0.0	0.6375	0.153125	-79.33302
0.1	0.05	1100.0	0.0	0.6375	0.1546875	-79.56187
0.1	0.05	1100.0	0.0	0.6375	0.15625	-77.76396
0.1	0.05	1100.0	0.0	0.6375	0.1578125	-75.40479
0.1	0.05	1100.0	0.0	0.6375	0.159375	-72.728226
0.1	0.05	1100.0	0.0	0.6375	0.1609375	-74.463806
0.1	0.05	1100.0	0.0	0.6375	0.1625	-71.08132
0.1	0.05	1100.0	0.0	0.6375	0.1640625	-66.237885
0.1	0.05	1100.0	0.0	0.6375	0.165625	-62.39407
0.1	0.05	1100.0	0.0	0.6375	0.16718751	-65.455154
0.1	0.05	1100.0	0.0	0.6375	0.16875	-58.343445
0.1	0.05	1100.0	0.0	0.6375	0.1703125	-47.661057
0.1	0.05	1100.0	0.0	0.6375	0.171875	-48.78041
0.1	0.05	1100.0	0.0	0.6375	0.1734375	-48.495823
0.1	0.05	1100.0	0.0	0.6375	0.17500001	-34.145836
0.1	0.05	1100.0	0.0	0.6375	0.1765625	-29.52983
0.1	0.05	1100.0	0.0	0.6375	0.178125	-32.47191
0.1	0.05	1100.0	0.0	0.6375	0.1796875	-20.536026
0.1	0.05	1100.0	0.0	0.6375	0.18125	-8.802345
0.1	0.05	1100.0	0.0	0.6375	0.18281251	-11.476913
0.1	0.05	1100.0	0.0	0.65	0.118750006	-89.90817
0.1	0.05	1100.0	0.0	0.65	0.120312504	-89.800964
0.1	0.05	1100.0	0.0	0.65	0.121875	-89.41404
0.1	0.05	1100.0	0.0	0.65	0.1234375	-89.31285
0.1	0.05	1100.0	0.0	0.65	0.125	-89.089325
0.1	0.05	1100.0	0.0	0.65	0.1265625	-88.8081
0.1	0.05	1100.0	0.0	0.65	0.128125	-88.7247
0.1	0.05	1100.0	0.0	0.65	0.1296875	-88.28902
0.1	0.05	1100.0	0.0	0.65	0.13125	-88.03022
0.1	0.05	1100.0	0.0	0.65	0.1328125	-87.75887
0.1	0.05	1100.0	0.0	0.65	0.134375	-87.25967
0.1	0.05	1100.0	0.0	0.65	0.1359375	-87.22217
0.1	0.05	1100.0	0.0	0.65	0.1375	-86.691826
0.1	0.05	1100.0	0.0	0.65	0.1390625	-86.683685
0.1	0.05	1100.0	0.0	0.65	0.140625	-86.122055
0.1	0.05	1100.0	0.0	0.65	0.1421875	-85.50256
0.1	0.05	1100.0	0.0	0.65	0.14375	-85.55677
0.1	0.05	1100.0	0.0	0.65	0.1453125	-84.899414
0.1	0.05	1100.0	0.0	0.65	0.146875	-84.16007
0.1	0.05	1100.0	0.0	0.65	0.1484375	-84.309166
0.1	0.05	1100.0	0.0	0.65	0.15	-83.52457
0.1	0.05	1100.0	0.0	0.65	0.1515625	-82.622
0.1	0.05	1100.0	0.0	0.65	0.153125	-81.56179
0.1	0.05	1100.0	0.0	0.65	0.1546875	-81.961
0.1	0.05	1100.0	0.0	0.65	0.15625	-80.83507
0.1	0.05	1100.0	0.0	0.65	0.1578125	-79.471634
0.1	0.05	1100.0	0.0	0.65	0.159375	-77.77216
0.1	0.05	1100.0	0.0	0.65	0.1609375	-78.733765
0.1	0.05	1100.0	0.0	0.65	0.1625	-76.946945
0.1	0.05	1100.0	0.0	0.65	0.1640625	-74.63927
0.1	0.05	1100.0	0.0	0.65	0.165625	-71.53755
0.1	0.05	1100.0	0.0	0.65	0.16718751	-72.86497
0.1	0.05	1100.0	0.0	0.65	0.16875	-70.72745
0.1	0.05	1100.0	0.0	0.65	0.1703125	-66.342896
0.1	0.05	1100.0	0.0	0.65	0.171875	-60.020832
0.1	0.05	1100.0	0.0	0.65	0.1734375	-61.73852
0.1	0.05	1100.0	0.0	0.65	0.17500001	-59.86699
0.1	0.05	1100.0	0.0	0.65	0.1765625	-51.08205
0.1	0.05	1100.0	0.0	0.65	0.178125	-44.422546
0.1	0.05	1100.0	0.0	0.65	0.1796875	-47.48456
0.1	0.05	1100.0	0.0	0.65	0.18125	-40.943462
0.1	0.05	1100.0	0.0	0.66249996	0.120312504	-90.00341
0.1	0.05	1100.0	0.0	0.66249996	0.121875	-89.90088
0.1	0.05	1100.0	0.0	0.66249996	0.1234375	-89.53748
0.1	0.05	1100.0	0.0	0.66249996	0.125	-89.439514
0.1	0.05	1100.0	0.0	0.66249996	0.1265625	-89.05385
0.1	0.05	1100.0	0.0	0.66249996	0.128125	-88.96285
0.1	0.05	1100.0	0.0	0.66249996	0.1296875	-88.553535
0.1	0.05	1100.0	0.0	0.66249996	0.13125	-88.47249
0.1	0.05	1100.0	0.0	0.66249996	0.1328125	-88.03819
0.1	0.05	1100.0	0.0	0.66249996	0.134375	-87.97103
0.1	0.05	1100.0	0.0	0.66249996	0.1359375	-87.51116
0.1	0.05	1100.0	0.0	0.66249996	0.1375	-87.461945
0.1	0.05	1100.0	0.0	0.66249996	0.1390625	-86.97602
0.1	0.05	1100.0	0.0	0.66249996	0.140625	-86.94984
0.1	0.05	1100.0	0.0	0.66249996	0.1421875	-86.43735
0.1	0.05	1100.0	0.0	0.66249996	0.14375	-85.87947
0.1	0.05	1100.0	0.0	0.66249996	0.1453125	-85.90119
0.1	0.05	1100.0	0.0	0.66249996	0.146875	-85.312454
0.1	0.05	1100.0	0.0	0.66249996	0.1484375	-84.66169
0.1	0.05	1100.0	0.0	0.66249996	0.15	-84.755394
0.1	0.05	1100.0	0.0	0.66249996	0.1515625	-84.0685
0.1	0.05	1100.0	0.0	0.66249996	0.153125	-83.29579
0.1	0.05	1100.0	0.0	0.66249996	0.1546875	-83.4954
0.1	0.05	1100.0	0.0	0.66249996	0.15625	-82.68147
0.1	0.05	1100.0	0.0	0.66249996	0.1578125	-81.7463
0.1	0.05	1100.0	0.0	0.66249996	0.159375	-80.6503
0.1	0.05	1100.0	0.0	0.66249996	0.1609375	-81.12415
0.1	0.05	1100.0	0.0	0.66249996	0.1625	-79.97394
0.1	0.05	1100.0	0.0	0.66249996	0.1640625	-78.59149
0.1	0.05	1100.0	0.0	0.66249996	0.165625	-76.882866
0.1	0.05	1100.0	0.0	0.66249996	0.16718751	-77.41617
0.1	0.05	1100.0	0.0	0.66249996	0.16875	-76.171906
0.1	0.05	1100.0	0.0	0.66249996	0.1703125	-73.92706
0.1	0.05	1100.0	0.0	0.66249996	0.171875	-70.97213
0.1	0.05	1100.0	0.0	0.66249996	0.1734375	-69.12805
0.1	0.05	1100.0	0.0	0.66249996	0.17500001	-70.39511
0.1	0.05	1100.0	0.0	0.66249996	0.1765625	-66.419914
0.1	0.05	1100.0	0.0	0.66249996	0.178125	-60.872864
0.1	0.05	1100.0	0.0	0.66249996	0.1796875	-57.44288
0.1	0.05	1100.0	0.0	0.675	0.121875	-90.0708
0.1	0.05	1100.0	0.0	0.675	0.1234375	-89.72729
0.1	0.05	1100.0	0.0	0.675	0.125	-89.62859
0.1	0.05	1100.0	0.0	0.675	0.1265625	-89.265015
0.1	0.05	1100.0	0.0	0.675	0.128125	-89.17078
0.1	0.05	1100.0	0.0	0.675	0.1296875	-89.08212
0.1	0.05	1100.0	0.0	0.675	0.13125	-88.69796
0.1	0.05	1100.0	0.0	0.675	0.1328125	-88.61694
0.1	0.05	1100.0	0.0	0.675	0.134375	-88.21095
0.1	0.05	1100.0	0.0	0.675	0.1359375	-88.14071
0.1	0.05	1100.0	0.0	0.675	0.1375	-87.71218
0.1	0.05	1100.0	0.0	0.675	0.1390625	-87.65608
0.1	0.05	1100.0	0.0	0.675	0.140625	-87.20472
0.1	0.05	1100.0	0.0	0.675	0.1421875	-86.719986
0.1	0.05	1100.0	0.0	0.675	0.14375	-86.69246
0.1	0.05	1100.0	0.0	0.675	0.1453125	-86.18136
0.1	0.05	1100.0	0.0	0.675	0.146875	-86.1803
0.1	0.05	1100.0	0.0	0.675	0.1484375	-85.643005
0.1	0.05	1100.0	0.0	0.675	0.15	-85.05681
0.1	0.05	1100.0	0.0	0.675	0.1515625	-85.11184
0.1	0.05	1100.0	0.0	0.675	0.153125	-84.49581
0.1	0.05	1100.0	0.0	0.675	0.1546875	-83.813644
0.1	0.05	1100.0	0.0	0.675	0.15625	-83.94988
0.1	0.05	1100.0	0.0	0.675	0.1578125	-83.234055
0.1	0.05	1100.0	0.0	0.675	0.159375	-82.42893
0.1	0.05	1100.0	0.0	0.675	0.1609375	-82.2018
0.1	0.05	1100.0	0.0	0.675	0.1625	-81.840935
0.1	0.05	1100.0	0.0	0.675	0.1640625	-80.87602
0.1	0.05	1100.0	0.0	0.675	0.165625	-79.74919
0.1	0.05	1100.0	0.0	0.675	0.16718751	-79.689514
0.1	0.05	1100.0	0.0	0.675	0.16875	-79.128044
0.1	0.05	1100.0	0.0	0.675	0.1703125	-77.73207
0.1	0.05	1100.0	0.0	0.675	0.171875	-76.02376
0.1	0.05	1100.0	0.0	0.675	0.1734375	-74.038185
0.1	0.05	1100.0	0.0	0.675	0.17500001	-75.42439
0.1	0.05	1100.0	0.0	0.675	0.1765625	-73.24787
0.1	0.05	1100.0	0.0	0.675	0.178125	-70.436424
0.1	0.05	1100.0	0.0	0.6875	0.1234375	-89.88489
0.1	0.05	1100.0	0.0	0.6875	0.125	-89.78664
0.1	0.05	1100.0	0.0	0.6875	0.1265625	-89.69217
0.1	0.05	1100.0	0.0	0.6875	0.128125	-89.34714
0.1	0.05	1100.0	0.0	0.6875	0.1296875	-89.25645
0.1	0.05	1100.0	0.0	0.6875	0.13125	-88.8925
0.1	0.05	1100.0	0.0	0.6875	0.1328125	-88.80719
0.1	0.05	1100.0	0.0	0.6875	0.134375	-88.423065
0.1	0.05	1100.0	0.0	0.6875	0.1359375	-88.34499
0.1	0.05	1100.0	0.0	0.6875	0.1375	-87.93919
0.1	0.05	1100.0	0.0	0.6875	0.1390625	-87.871254
0.1	0.05	1100.0	0.0	0.6875	0.140625	-87.44307
0.1	0.05	1100.0	0.0	0.6875	0.1421875	-87.38803
0.1	0.05	1100.0	0.0	0.6875	0.14375	-86.93684
0.1	0.05	1100.0	0.0	0.6875	0.1453125	-86.898865
0.1	0.05	1100.0	0.0	0.6875	0.146875	-86.424545
0.1	0.05	1100.0	0.0	0.6875	0.1484375	-86.40756
0.1	0.05	1100.0	0.0	0.6875	0.15	-85.910416
0.1	0.05	1100.0	0.0	0.6875	0.1515625	-85.373535
0.1	0.05	1100.0	0.0	0.6875	0.153125	-85.39995
0.1	0.05	1100.0	0.0	0.6875	0.1546875	-84.837555
0.1	0.05	1100.0	0.0	0.6875	0.15625	-84.22311
0.1	0.05	1100.0	0.0	0.6875	0.1578125	-84.31232
0.1	0.05	1100.0	0.0	0.6875	0.159375	-83.66936
0.1	0.05	1100.0	0.0	0.6875	0.1609375	-82.9571
0.1	0.05	1100.0	0.0	0.6875	0.1625	-83.13671
0.1	0.05	1100.0	0.0	0.6875	0.1640625	-82.393524
0.1	0.05	1100.0	0.0	0.6875	0.165625	-81.557594
0.1	0.05	1100.0	0.0	0.6875	0.16718751	-80.602875
0.1	0.05	1100.0	0.0	0.6875	0.16875	-80.9973
0.1	0.05	1100.0	0.0	0.6875	0.1703125	-80.00641
0.1	0.05	1100.0	0.0	0.6875	0.171875	-78.85219
0.1	0.05	1100.0	0.0	0.6875	0.1734375	-77.4819
0.1	0.05	1100.0	0.0	0.6875	0.17500001	-78.28733
0.1	0.05	1100.0	0.0	0.6875	0.1765625	-76.883606
0.1	0.05	1100.0	0.0	0.7	0.125	-89.91643
0.1	0.05	1100.0	0.0	0.7	0.1265625	-89.82245
0.1	0.05	1100.0	0.0	0.7	0.128125	-89.49313
0.1	0.05	1100.0	0.0	0.7	0.1296875	-89.4021
0.1	0.05	1100.0	0.0	0.7	0.13125	-89.055756
0.1	0.05	1100.0	0.0	0.7	0.1328125	-88.968765
0.1	0.05	1100.0	0.0	0.7	0.134375	-88.8862
0.1	0.05	1100.0	0.0	0.7	0.1359375	-88.52193
0.1	0.05	1100.0	0.0	0.7	0.1375	-88.44543
0.1	0.05	1100.0	0.0	0.7	0.1390625	-88.06226
0.1	0.05	1100.0	0.0	0.7	0.140625	-87.99357
0.1	0.05	1100.0	0.0	0.7	0.1421875	-87.59059
0.1	0.05	1100.0	0.0	0.7	0.14375	-87.532326
0.1	0.05	1100.0	0.0	0.7	0.1453125	-87.10875
0.1	0.05	1100.0	0.0	0.7	0.146875	-87.063866
0.1	0.05	1100.0	0.0	0.7	0.1484375	-86.61971
0.1	0.05	1100.0	0.0	0.7	0.15	-86.14494
0.1	0.05	1100.0	0.0	0.7	0.1515625	-86.1267
0.1	0.05	1100.0	0.0	0.7	0.153125	-85.62873
0.1	0.05	1100.0	0.0	0.7	0.1546875	-85.634895
0.1	0.05	1100.0	0.0	0.7	0.15625	-85.11425
0.1	0.05	1100.0	0.0	0.7	0.1578125	-84.5508
0.1	0.05	1100.0	0.0	0.7	0.159375	-84.60675
0.1	0.05	1100.0	0.0	0.7	0.1609375	-84.01878
0.1	0.05	1100.0	0.0	0.7	0.1625	-83.37484
0.1	0.05	1100.0	0.0	0.7	0.1640625	-83.50118
0.1	0.05	1100.0	0.0	0.7	0.165625	-82.831
0.1	0.05	1100.0	0.0	0.7	0.16718751	-82.08766
0.1	0.05	1100.0	0.0	0.7	0.16875	-82.31328
0.1	0.05	1100.0	0.0	0.7	0.1703125	-81.54305
0.1	0.05	1100.0	0.0	0.7	0.171875	-80.67697
0.1	0.05	1100.0	0.0	0.7	0.1734375	-79.68869
0.1	0.05	1100.0	0.0	0.7	0.17500001	-80.14731
0.1	0.05	1100.0	0.0	0.7125	0.1265625	-89.92798
0.1	0.05	1100.0	0.0	0.7125	0.128125	-89.77721
0.1	0.05	1100.0	0.0	0.7125	0.1296875	-89.52097
0.1	0.05	1100.0	0.0	0.7125	0.13125	-89.43374
0.1	0.05	1100.0	0.0	0.7125	0.1328125	-89.102005
0.1	0.05	1100.0	0.0	0.7125	0.134375	-89.01822
0.1	0.05	1100.0	0.0	0.7125	0.1359375	-88.67019
0.1	0.05	1100.0	0.0	0.7125	0.1375	-88.591
0.1	0.05	1100.0	0.0	0.7125	0.1390625	-88.225334
0.1	0.05	1100.0	0.0	0.7125	0.140625	-88.15201
0.1	0.05	1100.0	0.0	0.7125	0.1421875	-87.76777
0.1	0.05	1100.0	0.0	0.7125	0.14375	-87.70183
0.1	0.05	1100.0	0.0	0.7125	0.1453125	-87.297775
0.1	0.05	1100.0	0.0	0.7125	0.146875	-87.24172
0.1	0.05	1100.0	0.0	0.7125	0.1484375	-86.81692
0.1	0.05	1100.0	0.0	0.7125	0.15	-86.77339
0.1	0.05	1100.0	0.0	0.7125	0.1515625	-86.32774
0.1	0.05	1100.0	0.0	0.7125	0.153125	-86.30004
0.1	0.05	1100.0	0.0	0.7125	0.1546875	-85.833374
0.1	0.05	1100.0	0.0	0.7125	0.15625	-85.333626
0.1	0.05	1100.0	0.0	0.7125	0.1578125	-85.337715
0.1	0.05	1100.0	0.0	0.7125	0.159375	-84.81462
0.1	0.05	1100.0	0.0	0.7125	0.1609375	-84.845825
0.1	0.05	1100.0	0.0	0.7125	0.1625	-84.30059
0.1	0.05	1100.0	0.0	0.7125	0.1640625	-83.709595
0.1	0.05	1100.0	0.0	0.7125	0.165625	-83.7972
0.1	0.05	1100.0	0.0	0.7125	0.16718751	-83.18219
0.1	0.05	1100.0	0.0	0.7125	0.16875	-82.50814
0.1	0.05	1100.0	0.0	0.7125	0.1703125	-82.6745
0.1	0.05	1100.0	0.0	0.7125	0.171875	-81.97608
0.1	0.05	1100.0	0.0	0.7125	0.1734375	-81.20134
0.1	0.05	1100.0	0.0	0.72499996	0.128125	-89.92174
0.1	0.05	1100.0	0.0	0.72499996	0.1296875	-89.61596
0.1	0.05	1100.0	0.0	0.72499996	0.13125	-89.528694
0.1	0.05	1100.0	0.0	0.72499996	0.1328125	-89.20926
0.1	0.05	1100.0	0.0	0.72499996	0.134375	-89.125015
0.1	0.05	1100.0	0.0	0.72499996	0.1359375	-89.04441
0.1	0.05	1100.0	0.0	0.72499996	0.1375	-88.71025
0.1	0.05	1100.0	0.0	0.72499996	0.1390625	-88.63381
0.1	0.05	1100.0	0.0	0.72499996	0.140625	-88.28408
0.1	0.05	1100.0	0.0	0.72499996	0.1421875	-88.21268
0.1	0.05	1100.0	0.0	0.72499996	0.14375	-87.84631
0.1	0.05	1100.0	0.0	0.72499996	0.1453125	-87.781265
0.1	0.05	1100.0	0.0	0.72499996	0.146875	-87.39727
0.1	0.05	1100.0	0.0	0.72499996	0.1484375	-87.34029
0.1	0.05	1100.0	0.0	0.72499996	0.15	-86.93773
0.1	0.05	1100.0	0.0	0.72499996	0.1515625	-86.89083
0.1	0.05	1100.0	0.0	0.72499996	0.153125	-86.46933
0.1	0.05	1100.0	0.0	0.72499996	0.1546875	-86.02165
0.1	0.05	1100.0	0.0	0.72499996	0.15625	-85.99447
0.1	0.05	1100.0	0.0	0.72499996	0.1578125	-85.525406
0.1	0.05	1100.0	0.0	0.72499996	0.159375	-85.51643
0.1	0.05	1100.0	0.0	0.72499996	0.1609375	-85.02614
0.1	0.05	1100.0	0.0	0.72499996	0.1625	-85.039246
0.1	0.05	1100.0	0.0	0.72499996	0.1640625	-84.5281
0.1	0.05	1100.0	0.0	0.72499996	0.165625	-83.97853
0.1	0.05	1100.0	0.0	0.72499996	0.16718751	-84.03692
0.1	0.05	1100.0	0.0	0.72499996	0.16875	-83.46577
0.1	0.05	1100.0	0.0	0.72499996	0.1703125	-82.84531
0.1	0.05	1100.0	0.0	0.72499996	0.171875	-82.966866
0.1	0.05	1100.0	0.0	0.7375	0.1296875	-89.689514
0.1	0.05	1100.0	0.0	0.7375	0.13125	-89.60225
0.1	0.05	1100.0	0.0	0.7375	0.1328125	-89.518036
0.1	0.05	1100.0	0.0	0.7375	0.134375	-89.20865
0.1	0.05	1100.0	0.0	0.7375	0.1359375	-89.12749
0.1	0.05	1100.0	0.0	0.7375	0.1375	-88.80477
0.1	0.05	1100.0	0.0	0.7375	0.1390625	-88.72711
0.1	0.05	1100.0	0.0	0.7375	0.140625	-88.39019
0.1	0.05	1100.0	0.0	0.7375	0.1421875	-88.31683
0.1	0.05	1100.0	0.0	0.7375	0.14375	-87.96444
0.1	0.05	1100.0	0.0	0.7375	0.1453125	-87.89602
0.1	0.05	1100.0	0.0	0.7375	0.146875	-87.52711
0.1	0.05	1100.0	0.0	0.7375	0.1484375	-87.46503
0.1	0.05	1100.0	0.0	0.7375	0.15	-87.07854
0.1	0.05	1100.0	0.0	0.7375	0.1515625	-87.02406
0.1	0.05	1100.0	0.0	0.7375	0.153125	-86.61919
0.1	0.05	1100.0	0.0	0.7375	0.1546875	-86.57445
0.1	0.05	1100.0	0.0	0.7375	0.15625	-86.15012
0.1	0.05	1100.0	0.0	0.7375	0.1578125	-86.117325
0.1	0.05	1100.0	0.0	0.7375	0.159375	-85.6735
0.1	0.05	1100.0	0.0	0.7375	0.1609375	-85.65544
0.1	0.05	1100.0	0.0	0.7375	0.1625	-85.19206
0.1	0.05	1100.0	0.0	0.7375	0.1640625	-84.69771
0.1	0.05	1100.0	0.0	0.7375	0.165625	-84.70951
0.1	0.05	1100.0	0.0	0.7375	0.16718751	-84.19345
0.1	0.05	1100.0	0.0	0.7375	0.16875	-84.2299
0.1	0.05	1100.0	0.0	0.7375	0.1703125	-83.69353
0.1	0.05	1100.0	0.0	0.75	0.13125	-89.65696
0.1	0.05	1100.0	0.0	0.75	0.1328125	-89.57252
0.1	0.05	1100.0	0.0	0.75	0.134375	-89.271515
0.1	0.05	1100.0	0.0	0.75	0.1359375	-89.18988
0.1	0.05	1100.0	0.0	0.75	0.1375	-89.11139
0.1	0.05	1100.0	0.0	0.75	0.1390625	-88.7982
0.1	0.05	1100.0	0.0	0.75	0.140625	-88.72314
0.1	0.05	1100.0	0.0	0.75	0.1421875	-88.3973
0.1	0.05	1100.0	0.0	0.75	0.14375	-88.32607
0.1	0.05	1100.0	0.0	0.75	0.1453125	-87.98638
0.1	0.05	1100.0	0.0	0.75	0.146875	-87.91991
0.1	0.05	1100.0	0.0	0.75	0.1484375	-87.56527
0.1	0.05	1100.0	0.0	0.75	0.15	-87.50439
0.1	0.05	1100.0	0.0	0.75	0.153125	-87.07958
0.1	0.05	1100.0	0.0	0.75	0.1546875	-86.69243
0.1	0.05	1100.0	0.0	0.75	0.15625	-86.64632
0.1	0.05	1100.0	0.0	0.75	0.1578125	-86.24159
0.1	0.05	1100.0	0.0	0.75	0.159375	-86.07756
0.1	0.05	1100.0	0.0	0.75	0.1609375	-85.782845
0.1	0.05	1100.0	0.0	0.75	0.1625	-85.335014
0.1	0.05	1100.0	0.0	0.75	0.1640625	-85.31788
0.1	0.05	1100.0	0.0	0.75	0.165625	-84.84976
0.1	0.05	1100.0	0.0	0.75	0.16718751	-84.84964
0.1	0.05	1100.0	0.0	0.75	0.16875	-84.36156
0.1	0.05	1100.0	0.0	0.7625	0.1328125	-89.60956
0.1	0.05	1100.0	0.0	0.7625	0.134375	-89.52765
0.1	0.05	1100.0	0.0	0.7625	0.1359375	-89.23343
0.1	0.05	1100.0	0.0	0.7625	0.1375	-89.15427
0.1	0.05	1100.0	0.0	0.7625	0.1390625	-88.84903
0.1	0.05	1100.0	0.0	0.7625	0.140625	-88.773026
0.1	0.05	1100.0	0.0	0.7625	0.1421875	-88.45594
0.1	0.05	1100.0	0.0	0.7625	0.14375	-88.383354
0.1	0.05	1100.0	0.0	0.7625	0.1453125	-88.05354
0.1	0.05	1100.0	0.0	0.7625	0.146875	-87.98497
0.1	0.05	1100.0	0.0	0.7625	0.1484375	-87.64133
0.1	0.05	1100.0	0.0	0.7625	0.15	-87.57758
0.1	0.05	1100.0	0.0	0.7625	0.1515625	-87.21908
0.1	0.05	1100.0	0.0	0.7625	0.153125	-87.160805
0.1	0.05	1100.0	0.0	0.7625	0.1546875	-86.78657
0.1	0.05	1100.0	0.0	0.7625	0.15625	-86.73488
0.1	0.05	1100.0	0.0	0.7625	0.1578125	-86.34361
0.1	0.05	1100.0	0.0	0.7625	0.159375	-86.299934
0.1	0.05	1100.0	0.0	0.7625	0.1609375	-85.891014
0.1	0.05	1100.0	0.0	0.7625	0.1625	-85.85685
0.1	0.05	1100.0	0.0	0.7625	0.1640625	-85.42945
0.1	0.05	1100.0	0.0	0.7625	0.165625	-85.406815
0.1	0.05	1100.0	0.0	0.7625	0.16718751	-84.96097
0.1	0.05	1100.0	0.0	0.775	0.134375	-89.54849
0.1	0.05	1100.0	0.0	0.775	0.1359375	-89.26018
0.1	0.05	1100.0	0.0	0.775	0.1375	-89.18005
0.1	0.05	1100.0	0.0	0.775	0.140625	-88.80442
0.1	0.05	1100.0	0.0	0.775	0.14375	-88.42084
0.1	0.05	1100.0	0.0	0.775	0.146875	-88.02895
0.1	0.05	1100.0	0.0	0.775	0.15	-87.62848
0.1	0.05	1100.0	0.0	0.775	0.153125	-87.21908
0.1	0.05	1100.0	0.0	0.775	0.15625	-86.800156
0.1	0.05	1100.0	0.0	0.775	0.159375	-86.37198
0.1	0.05	1100.0	0.0	0.775	0.1625	-85.93451
0.1	0.05	1100.0	0.0	0.775	0.1640625	-85.89839
0.1	0.05	1100.0	0.0	0.775	0.165625	-85.48817
0.1	0.05	1100.0	0.0	0.78749996	0.1359375	-89.47413
0.1	0.05	1100.0	0.0	0.78749996	0.1375	-89.19015
0.1	0.05	1100.0	0.0	0.78749996	0.1390625	-89.11222
0.1	0.05	1100.0	0.0	0.78749996	0.140625	-88.8187
0.1	0.05	1100.0	0.0	0.78749996	0.1421875	-88.74362
0.1	0.05	1100.0	0.0	0.78749996	0.14375	-88.43996
0.1	0.05	1100.0	0.0	0.78749996	0.1453125	-88.367905
0.1	0.05	1100.0	0.0	0.78749996	0.146875	-88.299095
0.1	0.05	1100.0	0.0	0.78749996	0.1484375	-87.98482
0.1	0.05	1100.0	0.0	0.78749996	0.15	-87.91982
0.1	0.05	1100.0	0.0	0.78749996	0.1515625	-87.59403
0.1	0.05	1100.0	0.0	0.78749996	0.153125	-87.53323
0.1	0.05	1100.0	0.0	0.78749996	0.1546875	-87.19516
0.1	0.05	1100.0	0.0	0.78749996	0.15625	-87.13903
0.1	0.05	1100.0	0.0	0.78749996	0.1578125	-86.78773
0.1	0.05	1100.0	0.0	0.78749996	0.159375	-86.42049
0.1	0.05	1100.0	0.0	0.78749996	0.1609375	-86.37163
0.1	0.05	1100.0	0.0	0.78749996	0.1625	-85.98883
0.1	0.05	1100.0	0.0	0.78749996	0.1640625	-85.9471
0.1	0.05	1100.0	0.0	0.79999995	0.1375	-89.38669
0.1	0.05	1100.0	0.0	0.79999995	0.140625	-89.030136
0.1	0.05	1100.0	0.0	0.79999995	0.14375	-88.66724
0.1	0.05	1100.0	0.0	0.79999995	0.146875	-88.298134
0.1	0.05	1100.0	0.0	0.79999995	0.15	-87.92215
0.1	0.05	1100.0	0.0	0.79999995	0.153125	-87.53932
0.1	0.05	1100.0	0.0	0.79999995	0.15625	-87.14874
0.1	0.05	1100.0	0.0	0.79999995	0.159375	-86.75077
0.1	0.05	1100.0	0.0	0.79999995	0.1625	-86.34473
0.1	0.05	1100.0	0.0	0.8125	0.1390625	-89.086815
0.1	0.05	1100.0	0.0	0.8125	0.140625	-89.00906
0.1	0.05	1100.0	0.0	0.8125	0.1421875	-88.93407
0.1	0.05	1100.0	0.0	0.8125	0.14375	-88.64813
0.1	0.05	1100.0	0.0	0.8125	0.1453125	-88.575935
0.1	0.05	1100.0	0.0	0.8125	0.146875	-88.28106
0.1	0.05	1100.0	0.0	0.8125	0.1484375	-88.21189
0.1	0.05	1100.0	0.0	0.8125	0.15	-87.9073
0.1	0.05	1100.0	0.0	0.8125	0.1515625	-87.84164
0.1	0.05	1100.0	0.0	0.8125	0.153125	-87.52684
0.1	0.05	1100.0	0.0	0.8125	0.1546875	-87.46498
0.1	0.05	1100.0	0.0	0.8125	0.15625	-87.13933
0.1	0.05	1100.0	0.0	0.8125	0.1578125	-87.08145
0.1	0.05	1100.0	0.0	0.8125	0.159375	-86.74408
0.1	0.05	1100.0	0.0	0.8125	0.1609375	-86.69083
0.1	0.05	1100.0	0.0	0.825	0.140625	-88.97468
0.1	0.05	1100.0	0.0	0.825	0.14375	-88.61464
0.1	0.05	1100.0	0.0	0.825	0.146875	-88.24855
0.1	0.05	1100.0	0.0	0.825	0.15	-87.876144
0.1	0.05	1100.0	0.0	0.825	0.153125	-87.497055
0.1	0.05	1100.0	0.0	0.825	0.15625	-87.11103
0.1	0.05	1100.0	0.0	0.825	0.159375	-86.71745
0.1	0.05	1100.0	0.0	0.8375	0.1421875	-88.84904
0.1	0.05	1100.0	0.0	0.8375	0.14375	-88.77346
0.1	0.05	1100.0	0.0	0.8375	0.1453125	-88.491714
0.1	0.05	1100.0	0.0	0.8375	0.146875	-88.418655
0.1	0.05	1100.0	0.0	0.8375	0.1484375	-88.12862
0.1	0.05	1100.0	0.0	0.8375	0.15	-88.05844
0.1	0.05	1100.0	0.0	0.8375	0.1515625	-87.7593
0.1	0.05	1100.0	0.0	0.8375	0.153125	-87.69244
0.1	0.05	1100.0	0.0	0.8375	0.1546875	-87.3839
0.1	0.05	1100.0	0.0	0.8375	0.15625	-87.32018
0.1	0.05	1100.0	0.0	0.8375	0.1578125	-87.00166
0.1	0.05	1100.0	0.0	0.84999996	0.14375	-88.70954
0.1	0.05	1100.0	0.0	0.84999996	0.146875	-88.35388
0.1	0.05	1100.0	0.0	0.84999996	0.15	-87.992386
0.1	0.05	1100.0	0.0	0.84999996	0.153125	-87.62524
0.1	0.05	1100.0	0.0	0.84999996	0.15625	-87.25217
0.1	0.05	1100.0	0.0	0.86249995	0.1453125	-88.55575
0.1	0.05	1100.0	0.0	0.86249995	0.146875	-88.275055
0.1	0.05	1100.0	0.0	0.86249995	0.1484375	-88.20051
0.1	0.05	1100.0	0.0	0.86249995	0.15	-87.98367
0.1	0.05	1100.0	0.0	0.86249995	0.1515625	-87.83989
0.1	0.05	1100.0	0.0	0.86249995	0.153125	-87.66287
0.1	0.05	1100.0	0.0	0.86249995	0.1546875	-87.47375
0.1	0.05	1100.0	0.0	0.875	0.146875	-88.386795
0.1	0.05	1100.0	0.0	0.875	0.15	-88.03122
0.1	0.05	1100.0	0.0	0.875	0.153125	-87.67029
0.1	0.05	1100.0	0.0	0.8875	0.1484375	-88.20183
0.1	0.05	1100.0	0.0	0.8875	0.15	-87.91939
0.1	0.05	1100.0	0.0	0.8875	0.1515625	-87.84488
0.1	0.05	1100.0	0.0	0.9	0.1	-75.52333
0.1	0.05	1100.0	0.0	0.9	0.15	-87.99968
0.1	0.05	1100.0	0.0	0.9	0.2	-79.80647
